<?xml version = '1.0' encoding = 'UTF-8'?>
<Entity class="oracle.dbtools.crest.model.design.logical.Entity" directorySegmentName="seg_0" id="2B104D34-2550-C78C-A4A4-CA84839892C5" name="Resort">
<createdBy>Owner</createdBy>
<createdTime>2018-09-09 05:48:57 UTC</createdTime>
<ownerDesignName>MC_logical_model</ownerDesignName>
<engineerTo>
<item key="B67171E3-30AF-204C-D830-3263E0E95B72" value="true"/>
</engineerTo>
<adequatelyNormalized>NO</adequatelyNormalized>
<expectedVolumes>0</expectedVolumes>
<fwdEngineeringStrategyName>Single Table</fwdEngineeringStrategyName>
<growthPercent>0</growthPercent>
<growthType>Year</growthType>
<maxVolumes>9999999</maxVolumes>
<minVolumes>0</minVolumes>
<normalForm>Third</normalForm>
<attributes itemClass="oracle.dbtools.crest.model.design.logical.Attribute">
<Attribute name="Town_Longitude" id="47D2882A-7144-25EF-1CEF-8053EBF4F3A1">
<createdBy>Owner</createdBy>
<createdTime>2018-09-09 05:54:11 UTC</createdTime>
<comment>Town_Longitude = Longitude</comment>
<commentInRDBMS>Town_Longitude = Town longitude</commentInRDBMS>
<generatorID>0C303A6D-4DFB-6624-E98E-2CE906FA7418</generatorID>
<ownerDesignName>MC_logical_model</ownerDesignName>
<engineerTo>
<item key="B67171E3-30AF-204C-D830-3263E0E95B72" value="true"/>
</engineerTo>
<referedAttribute>8BC66D0E-81DE-C72E-37A1-A949D90ABE2C</referedAttribute>
<useDomainConstraints>false</useDomainConstraints>
<use>1</use>
<logicalDatatype>LOGDT019</logicalDatatype>
<dataTypePrecision>6</dataTypePrecision>
<dataTypeScale>2</dataTypeScale>
<ownDataTypeParameters>,6,2</ownDataTypeParameters>
</Attribute>
<Attribute name="Town_Latitude" id="FD0CD493-2F65-990F-49AE-A198CEEA9322">
<createdBy>Owner</createdBy>
<createdTime>2018-09-09 05:54:11 UTC</createdTime>
<comment>Town_Latitude= Latitude</comment>
<commentInRDBMS>Town_Latitude= Town latitude</commentInRDBMS>
<generatorID>0C303A6D-4DFB-6624-E98E-2CE906FA7418</generatorID>
<ownerDesignName>MC_logical_model</ownerDesignName>
<engineerTo>
<item key="B67171E3-30AF-204C-D830-3263E0E95B72" value="true"/>
</engineerTo>
<referedAttribute>D8171D82-9B04-7FD1-AA89-BA77903D68F5</referedAttribute>
<useDomainConstraints>false</useDomainConstraints>
<use>1</use>
<logicalDatatype>LOGDT019</logicalDatatype>
<dataTypePrecision>6</dataTypePrecision>
<dataTypeScale>2</dataTypeScale>
<ownDataTypeParameters>,6,2</ownDataTypeParameters>
</Attribute>
<Attribute name="Resort_ID" id="9C68F82F-D485-5717-4A87-A4824BB62D91">
<createdBy>Owner</createdBy>
<createdTime>2018-09-09 06:05:52 UTC</createdTime>
<comment>Resort_ID = Resort ID</comment>
<commentInRDBMS>Resort_ID = Resort ID</commentInRDBMS>
<ownerDesignName>MC_logical_model</ownerDesignName>
<engineerTo>
<item key="B67171E3-30AF-204C-D830-3263E0E95B72" value="true"/>
</engineerTo>
<useDomainConstraints>false</useDomainConstraints>
<use>1</use>
<logicalDatatype>LOGDT019</logicalDatatype>
<dataTypePrecision>5</dataTypePrecision>
<ownDataTypeParameters>,5,</ownDataTypeParameters>
</Attribute>
<Attribute name="Resort_Name" id="216FA99B-792B-049B-73BA-6EA26BFCD5D2">
<createdBy>Owner</createdBy>
<createdTime>2018-09-09 06:37:00 UTC</createdTime>
<comment>Resort_Name = Resort name</comment>
<commentInRDBMS>Resort_Name = Resort name</commentInRDBMS>
<ownerDesignName>MC_logical_model</ownerDesignName>
<engineerTo>
<item key="B67171E3-30AF-204C-D830-3263E0E95B72" value="true"/>
</engineerTo>
<useDomainConstraints>false</useDomainConstraints>
<use>1</use>
<logicalDatatype>LOGDT024</logicalDatatype>
<dataTypeSize>50</dataTypeSize>
<ownDataTypeParameters>50,,</ownDataTypeParameters>
</Attribute>
<Attribute name="Resort_Address" id="A81E88C4-4AB0-1DA9-4AF6-67DC64220032">
<createdBy>Owner</createdBy>
<createdTime>2018-09-09 06:38:10 UTC</createdTime>
<commentInRDBMS>Resort_Address = resort address</commentInRDBMS>
<ownerDesignName>MC_logical_model</ownerDesignName>
<engineerTo>
<item key="B67171E3-30AF-204C-D830-3263E0E95B72" value="true"/>
</engineerTo>
<useDomainConstraints>false</useDomainConstraints>
<use>1</use>
<logicalDatatype>LOGDT024</logicalDatatype>
<dataTypeSize>100</dataTypeSize>
<ownDataTypeParameters>100,,</ownDataTypeParameters>
</Attribute>
<Attribute name="Star_Rating" id="E32CAC77-9BA5-1223-40C4-A7585D372195">
<createdBy>Owner</createdBy>
<createdTime>2018-09-09 06:39:06 UTC</createdTime>
<comment>Star_Rating = Resort rating</comment>
<commentInRDBMS>Star_Rating = Resort rating</commentInRDBMS>
<ownerDesignName>MC_logical_model</ownerDesignName>
<engineerTo>
<item key="B67171E3-30AF-204C-D830-3263E0E95B72" value="true"/>
</engineerTo>
<useDomainConstraints>false</useDomainConstraints>
<use>1</use>
<logicalDatatype>LOGDT019</logicalDatatype>
<dataTypePrecision>2</dataTypePrecision>
<dataTypeScale>1</dataTypeScale>
<ownDataTypeParameters>,2,1</ownDataTypeParameters>
</Attribute>
<Attribute name="Pets_Allowed" id="A2C21F07-0557-876E-9C14-E3C5E0E7C84E">
<createdBy>Owner</createdBy>
<createdTime>2018-09-09 06:47:09 UTC</createdTime>
<comment>Pets_Allowed = pets allowance</comment>
<commentInRDBMS>Pets_Allowed = pets allowance</commentInRDBMS>
<ownerDesignName>MC_logical_model</ownerDesignName>
<engineerTo>
<item key="B67171E3-30AF-204C-D830-3263E0E95B72" value="true"/>
</engineerTo>
<useDomainConstraints>false</useDomainConstraints>
<use>1</use>
<logicalDatatype>LOGDT025</logicalDatatype>
<dataTypeSize>1</dataTypeSize>
<ownDataTypeParameters>1,,</ownDataTypeParameters>
</Attribute>
<Attribute name="Manager_ID" id="26104728-CCF8-1DBC-195C-B0647AB4E9BA">
<createdBy>Owner</createdBy>
<createdTime>2018-09-09 06:55:24 UTC</createdTime>
<generatorID>4A9F4369-5C3B-ADE7-B9B7-276DB97A92FF</generatorID>
<ownerDesignName>MC_logical_model</ownerDesignName>
<engineerTo>
<item key="B67171E3-30AF-204C-D830-3263E0E95B72" value="true"/>
</engineerTo>
<referedAttribute>46819F97-5F03-CA33-324D-38016107CF60</referedAttribute>
<useDomainConstraints>false</useDomainConstraints>
<use>1</use>
<logicalDatatype>LOGDT019</logicalDatatype>
<dataTypePrecision>4</dataTypePrecision>
<ownDataTypeParameters>,4,</ownDataTypeParameters>
</Attribute>
</attributes>
<identifiers itemClass="oracle.dbtools.crest.model.design.logical.CandidateKey">
<identifier id="4B06A644-4287-8D47-596A-19F50CF08378" name="Resort PK">
<createdBy>Owner</createdBy>
<createdTime>2018-09-09 06:06:01 UTC</createdTime>
<ownerDesignName>MC_logical_model</ownerDesignName>
<shouldEngineer>false</shouldEngineer>
<engineerTo>
<item key="B67171E3-30AF-204C-D830-3263E0E95B72" value="false"/>
</engineerTo>
<pk>true</pk>
<usedAttributes>
<attributeRef>9C68F82F-D485-5717-4A87-A4824BB62D91</attributeRef>
</usedAttributes>
</identifier>
</identifiers>
</Entity>