<?xml version = '1.0' encoding = 'UTF-8'?>
<Entity class="oracle.dbtools.crest.model.design.logical.Entity" directorySegmentName="seg_0" id="544B78F9-4CF5-28C2-E82A-D34D367D5A83" name="Contract">
<createdBy>Owner</createdBy>
<createdTime>2018-09-09 13:15:06 UTC</createdTime>
<ownerDesignName>MC_logical_model</ownerDesignName>
<engineerTo>
<item key="B67171E3-30AF-204C-D830-3263E0E95B72" value="true"/>
</engineerTo>
<adequatelyNormalized>NO</adequatelyNormalized>
<expectedVolumes>0</expectedVolumes>
<fwdEngineeringStrategyName>Single Table</fwdEngineeringStrategyName>
<growthPercent>0</growthPercent>
<growthType>Year</growthType>
<maxVolumes>9999999</maxVolumes>
<minVolumes>0</minVolumes>
<normalForm>Third</normalForm>
<attributes itemClass="oracle.dbtools.crest.model.design.logical.Attribute">
<Attribute name="Contract_Type" id="3B317C6A-519C-8C9F-4700-0023F5B64FE3">
<createdBy>Owner</createdBy>
<createdTime>2018-09-09 13:15:39 UTC</createdTime>
<comment>Contract_Type = Contract type</comment>
<commentInRDBMS>Contract_Type = Contract type</commentInRDBMS>
<ownerDesignName>MC_logical_model</ownerDesignName>
<engineerTo>
<item key="B67171E3-30AF-204C-D830-3263E0E95B72" value="true"/>
</engineerTo>
<nullsAllowed>true</nullsAllowed>
<useDomainConstraints>false</useDomainConstraints>
<use>1</use>
<logicalDatatype>LOGDT024</logicalDatatype>
<dataTypeSize>10</dataTypeSize>
<ownDataTypeParameters>10,,</ownDataTypeParameters>
</Attribute>
<Attribute name="Contract_Rate" id="F8ACD78D-C918-FD82-E54C-0EC9B63C5C13">
<createdBy>Owner</createdBy>
<createdTime>2018-09-09 13:22:45 UTC</createdTime>
<comment>Contract_Rate = Contract hourly rate</comment>
<commentInRDBMS>Contract_Rate = Contract hourly rate</commentInRDBMS>
<ownerDesignName>MC_logical_model</ownerDesignName>
<engineerTo>
<item key="B67171E3-30AF-204C-D830-3263E0E95B72" value="true"/>
</engineerTo>
<nullsAllowed>true</nullsAllowed>
<useDomainConstraints>false</useDomainConstraints>
<use>1</use>
<logicalDatatype>LOGDT019</logicalDatatype>
<dataTypePrecision>3</dataTypePrecision>
<ownDataTypeParameters>,3,</ownDataTypeParameters>
</Attribute>
<Attribute name="Contract_Startdate" id="7BE391AF-5F4A-6AAD-9028-9648D95E4872">
<createdBy>Owner</createdBy>
<createdTime>2018-09-09 13:24:54 UTC</createdTime>
<comment>Contract_Startdate = Contract start date</comment>
<commentInRDBMS>Contract_Startdate = Contract start date</commentInRDBMS>
<ownerDesignName>MC_logical_model</ownerDesignName>
<engineerTo>
<item key="B67171E3-30AF-204C-D830-3263E0E95B72" value="true"/>
</engineerTo>
<useDomainConstraints>false</useDomainConstraints>
<use>1</use>
<logicalDatatype>LOGDT007</logicalDatatype>
<ownDataTypeParameters>,,</ownDataTypeParameters>
</Attribute>
<Attribute name="Contract_Enddate" id="EDED4DCC-A031-69C9-F2A9-82069B04FFC4">
<createdBy>Owner</createdBy>
<createdTime>2018-09-09 13:25:34 UTC</createdTime>
<comment>Contract_Enddate = Contract end date</comment>
<commentInRDBMS>Contract_Enddate = Contract end date</commentInRDBMS>
<ownerDesignName>MC_logical_model</ownerDesignName>
<engineerTo>
<item key="B67171E3-30AF-204C-D830-3263E0E95B72" value="true"/>
</engineerTo>
<nullsAllowed>true</nullsAllowed>
<useDomainConstraints>false</useDomainConstraints>
<use>1</use>
<logicalDatatype>LOGDT007</logicalDatatype>
<ownDataTypeParameters>,,</ownDataTypeParameters>
</Attribute>
<Attribute name="Contractor_No" id="2784C1F7-7E78-E84B-84F7-9CC5FFDC31D0">
<createdBy>Owner</createdBy>
<createdTime>2018-09-10 16:23:36 UTC</createdTime>
<comment>Contractor_No = Contractor number</comment>
<generatorID>12FFA62E-2DAB-1BD1-BA64-A45318BC0045</generatorID>
<ownerDesignName>MC_logical_model</ownerDesignName>
<engineerTo>
<item key="B67171E3-30AF-204C-D830-3263E0E95B72" value="true"/>
</engineerTo>
<referedAttribute>809EB007-6B89-CAAC-37B7-9F5524F7DD2B</referedAttribute>
<useDomainConstraints>false</useDomainConstraints>
<use>1</use>
<logicalDatatype>LOGDT019</logicalDatatype>
<dataTypePrecision>3</dataTypePrecision>
<ownDataTypeParameters>,,</ownDataTypeParameters>
</Attribute>
</attributes>
<identifiers itemClass="oracle.dbtools.crest.model.design.logical.CandidateKey">
<identifier id="90730679-5FF2-BD5D-6EBE-AA7F175D8BC1" name="Contract PK">
<createdBy>Owner</createdBy>
<createdTime>2018-09-09 13:25:11 UTC</createdTime>
<ownerDesignName>MC_logical_model</ownerDesignName>
<shouldEngineer>false</shouldEngineer>
<engineerTo>
<item key="B67171E3-30AF-204C-D830-3263E0E95B72" value="false"/>
</engineerTo>
<pk>true</pk>
<usedAttributes>
<attributeRef>7BE391AF-5F4A-6AAD-9028-9648D95E4872</attributeRef>
<attributeRef>2784C1F7-7E78-E84B-84F7-9CC5FFDC31D0</attributeRef>
</usedAttributes>
</identifier>
</identifiers>
</Entity>