<?xml version = '1.0' encoding = 'UTF-8'?>
<Entity class="oracle.dbtools.crest.model.design.logical.Entity" directorySegmentName="seg_0" id="6B214F86-107E-A2EF-4C72-577E26AC1A06" name="Review">
<createdBy>Owner</createdBy>
<createdTime>2018-09-09 07:02:48 UTC</createdTime>
<ownerDesignName>MC_logical_model</ownerDesignName>
<engineerTo>
<item key="B67171E3-30AF-204C-D830-3263E0E95B72" value="true"/>
</engineerTo>
<adequatelyNormalized>NO</adequatelyNormalized>
<expectedVolumes>0</expectedVolumes>
<fwdEngineeringStrategyName>Single Table</fwdEngineeringStrategyName>
<growthPercent>0</growthPercent>
<growthType>Year</growthType>
<maxVolumes>9999999</maxVolumes>
<minVolumes>0</minVolumes>
<normalForm>Third</normalForm>
<attributes itemClass="oracle.dbtools.crest.model.design.logical.Attribute">
<Attribute name="Review_Date" id="8F8D87DF-0BE2-51DC-2186-10A2828F4554">
<createdBy>Owner</createdBy>
<createdTime>2018-09-09 07:07:50 UTC</createdTime>
<comment>Review_Date = Review date</comment>
<commentInRDBMS>Review_Date = Review date</commentInRDBMS>
<ownerDesignName>MC_logical_model</ownerDesignName>
<engineerTo>
<item key="B67171E3-30AF-204C-D830-3263E0E95B72" value="true"/>
</engineerTo>
<useDomainConstraints>false</useDomainConstraints>
<use>1</use>
<logicalDatatype>LOGDT007</logicalDatatype>
<ownDataTypeParameters>,,</ownDataTypeParameters>
</Attribute>
<Attribute name="Guest_No" id="376D81E9-4927-1238-0048-D083A5168005">
<createdBy>Owner</createdBy>
<createdTime>2018-09-09 07:13:59 UTC</createdTime>
<comment>Guest_No = Guest number</comment>
<commentInRDBMS>Guest_No = Guest number</commentInRDBMS>
<generatorID>FE19F55C-D334-540B-F7E6-C40E4D9B30D8</generatorID>
<ownerDesignName>MC_logical_model</ownerDesignName>
<engineerTo>
<item key="B67171E3-30AF-204C-D830-3263E0E95B72" value="true"/>
</engineerTo>
<referedAttribute>2F290136-0F4A-B990-93A6-C807D0D10AE6</referedAttribute>
<useDomainConstraints>false</useDomainConstraints>
<use>1</use>
<logicalDatatype>LOGDT019</logicalDatatype>
<dataTypePrecision>6</dataTypePrecision>
<ownDataTypeParameters>,6,</ownDataTypeParameters>
</Attribute>
<Attribute name="Resort_ID" id="B25868A9-E15C-AE1A-A2AE-AB3C5B633672">
<createdBy>Owner</createdBy>
<createdTime>2018-09-09 07:14:34 UTC</createdTime>
<comment>Resort_ID = Resort ID</comment>
<commentInRDBMS>Resort_ID = Resort ID</commentInRDBMS>
<generatorID>C273B04E-9AF4-0B88-DBE0-F65577C150F9</generatorID>
<ownerDesignName>MC_logical_model</ownerDesignName>
<engineerTo>
<item key="B67171E3-30AF-204C-D830-3263E0E95B72" value="true"/>
</engineerTo>
<referedAttribute>9C68F82F-D485-5717-4A87-A4824BB62D91</referedAttribute>
<useDomainConstraints>false</useDomainConstraints>
<use>1</use>
<logicalDatatype>LOGDT019</logicalDatatype>
<dataTypePrecision>5</dataTypePrecision>
<ownDataTypeParameters>,5,</ownDataTypeParameters>
</Attribute>
<Attribute name="Review_Rating" id="60DD91D8-FB6F-A0A7-3B59-4F62837DFE1A">
<createdBy>Owner</createdBy>
<createdTime>2018-09-09 07:08:48 UTC</createdTime>
<comment>Review_Rating = Review rating</comment>
<commentInRDBMS>Review_Rating = Review rating</commentInRDBMS>
<ownerDesignName>MC_logical_model</ownerDesignName>
<engineerTo>
<item key="B67171E3-30AF-204C-D830-3263E0E95B72" value="true"/>
</engineerTo>
<nullsAllowed>true</nullsAllowed>
<useDomainConstraints>false</useDomainConstraints>
<use>1</use>
<logicalDatatype>LOGDT019</logicalDatatype>
<dataTypePrecision>1</dataTypePrecision>
<ownDataTypeParameters>,1,</ownDataTypeParameters>
</Attribute>
</attributes>
<identifiers itemClass="oracle.dbtools.crest.model.design.logical.CandidateKey">
<identifier id="5564E69D-BCBD-B966-B4D2-1577331667DC" name="Review PK">
<createdBy>Owner</createdBy>
<createdTime>2018-09-09 07:08:02 UTC</createdTime>
<ownerDesignName>MC_logical_model</ownerDesignName>
<shouldEngineer>false</shouldEngineer>
<engineerTo>
<item key="B67171E3-30AF-204C-D830-3263E0E95B72" value="false"/>
</engineerTo>
<pk>true</pk>
<usedAttributes>
<attributeRef>8F8D87DF-0BE2-51DC-2186-10A2828F4554</attributeRef>
<attributeRef>B25868A9-E15C-AE1A-A2AE-AB3C5B633672</attributeRef>
<attributeRef>376D81E9-4927-1238-0048-D083A5168005</attributeRef>
</usedAttributes>
</identifier>
</identifiers>
</Entity>