<?xml version = '1.0' encoding = 'UTF-8'?>
<Entity class="oracle.dbtools.crest.model.design.logical.Entity" directorySegmentName="seg_0" id="7486F03B-587B-A499-1E00-C9F58147BA38" name="Point_Of_Interest">
<createdBy>Owner</createdBy>
<createdTime>2018-09-09 05:17:17 UTC</createdTime>
<ownerDesignName>MC_logical_model</ownerDesignName>
<engineerTo>
<item key="B67171E3-30AF-204C-D830-3263E0E95B72" value="true"/>
</engineerTo>
<adequatelyNormalized>NO</adequatelyNormalized>
<expectedVolumes>0</expectedVolumes>
<fwdEngineeringStrategyName>Single Table</fwdEngineeringStrategyName>
<growthPercent>0</growthPercent>
<growthType>Year</growthType>
<maxVolumes>9999999</maxVolumes>
<minVolumes>0</minVolumes>
<normalForm>Third</normalForm>
<shortName>POI</shortName>
<attributes itemClass="oracle.dbtools.crest.model.design.logical.Attribute">
<Attribute name="Town_Longitude" id="AFFF69C0-7FB4-140C-0C84-605499BCB7C1">
<createdBy>Owner</createdBy>
<createdTime>2018-09-09 05:18:01 UTC</createdTime>
<comment>Town_Longitude = Longitude</comment>
<commentInRDBMS>Town_Longitude = Town longitude</commentInRDBMS>
<generatorID>79A59C4E-24C2-3729-3AB6-6CE0D21BD112</generatorID>
<ownerDesignName>MC_logical_model</ownerDesignName>
<engineerTo>
<item key="B67171E3-30AF-204C-D830-3263E0E95B72" value="true"/>
</engineerTo>
<referedAttribute>8BC66D0E-81DE-C72E-37A1-A949D90ABE2C</referedAttribute>
<useDomainConstraints>false</useDomainConstraints>
<use>1</use>
<logicalDatatype>LOGDT019</logicalDatatype>
<dataTypePrecision>6</dataTypePrecision>
<dataTypeScale>2</dataTypeScale>
<ownDataTypeParameters>,6,2</ownDataTypeParameters>
</Attribute>
<Attribute name="Town_Latitude" id="117C31E7-664B-1C33-F351-E65CFD3F1AE0">
<createdBy>Owner</createdBy>
<createdTime>2018-09-09 05:18:01 UTC</createdTime>
<comment>Town_Latitude= Latitude</comment>
<commentInRDBMS>Town_Latitude= Town latitude</commentInRDBMS>
<generatorID>79A59C4E-24C2-3729-3AB6-6CE0D21BD112</generatorID>
<ownerDesignName>MC_logical_model</ownerDesignName>
<engineerTo>
<item key="B67171E3-30AF-204C-D830-3263E0E95B72" value="true"/>
</engineerTo>
<referedAttribute>D8171D82-9B04-7FD1-AA89-BA77903D68F5</referedAttribute>
<useDomainConstraints>false</useDomainConstraints>
<use>1</use>
<logicalDatatype>LOGDT019</logicalDatatype>
<dataTypePrecision>6</dataTypePrecision>
<dataTypeScale>2</dataTypeScale>
<ownDataTypeParameters>,6,2</ownDataTypeParameters>
</Attribute>
<Attribute name="POI_Name" id="267AD5F1-7EE7-D8D7-7108-07A94C3A545F">
<createdBy>Owner</createdBy>
<createdTime>2018-09-09 07:06:29 UTC</createdTime>
<comment>POI_Name = point of interest name</comment>
<commentInRDBMS>POI_Name = point of interest name</commentInRDBMS>
<ownerDesignName>MC_logical_model</ownerDesignName>
<engineerTo>
<item key="B67171E3-30AF-204C-D830-3263E0E95B72" value="true"/>
</engineerTo>
<useDomainConstraints>false</useDomainConstraints>
<use>1</use>
<logicalDatatype>LOGDT024</logicalDatatype>
<dataTypeSize>50</dataTypeSize>
<ownDataTypeParameters>50,,</ownDataTypeParameters>
</Attribute>
<Attribute name="POI_Type" id="2B311B51-C4C0-B1D8-8C5B-F110765D79D6">
<createdBy>Owner</createdBy>
<createdTime>2018-09-09 05:25:21 UTC</createdTime>
<comment>POI_Type = Point of interest type</comment>
<commentInRDBMS>POI_Type = Point of interest type</commentInRDBMS>
<ownerDesignName>MC_logical_model</ownerDesignName>
<engineerTo>
<item key="B67171E3-30AF-204C-D830-3263E0E95B72" value="true"/>
</engineerTo>
<useDomainConstraints>false</useDomainConstraints>
<use>1</use>
<logicalDatatype>LOGDT024</logicalDatatype>
<dataTypeSize>30</dataTypeSize>
<ownDataTypeParameters>30,,</ownDataTypeParameters>
</Attribute>
<Attribute name="POI_Street_Name" id="23C56021-CEC7-7841-5F4C-2CACF9AF785D">
<createdBy>Owner</createdBy>
<createdTime>2018-09-09 05:32:13 UTC</createdTime>
<comment>POI_Street_Name</comment>
<commentInRDBMS>POI_Street_Name</commentInRDBMS>
<ownerDesignName>MC_logical_model</ownerDesignName>
<engineerTo>
<item key="B67171E3-30AF-204C-D830-3263E0E95B72" value="true"/>
</engineerTo>
<useDomainConstraints>false</useDomainConstraints>
<use>1</use>
<logicalDatatype>LOGDT024</logicalDatatype>
<dataTypeSize>30</dataTypeSize>
<ownDataTypeParameters>30,,</ownDataTypeParameters>
</Attribute>
<Attribute name="POI_Desc" id="6CABD853-E5E3-62DD-C111-AE42E9F80B10">
<createdBy>Owner</createdBy>
<createdTime>2018-09-09 05:44:54 UTC</createdTime>
<comment>POI_Desc= Point of interest description</comment>
<ownerDesignName>MC_logical_model</ownerDesignName>
<engineerTo>
<item key="B67171E3-30AF-204C-D830-3263E0E95B72" value="true"/>
</engineerTo>
<useDomainConstraints>false</useDomainConstraints>
<use>1</use>
<logicalDatatype>LOGDT024</logicalDatatype>
<dataTypeSize>150</dataTypeSize>
<ownDataTypeParameters>150,,</ownDataTypeParameters>
</Attribute>
<Attribute name="POI_Opn_Time" id="BB4FCA1F-99EC-0083-7276-A8CE28838BB4">
<createdBy>Owner</createdBy>
<createdTime>2018-09-09 05:45:58 UTC</createdTime>
<comment>POI_Opn_Time = Point of interest opening time</comment>
<ownerDesignName>MC_logical_model</ownerDesignName>
<engineerTo>
<item key="B67171E3-30AF-204C-D830-3263E0E95B72" value="true"/>
</engineerTo>
<useDomainConstraints>false</useDomainConstraints>
<use>1</use>
<logicalDatatype>LOGDT019</logicalDatatype>
<dataTypePrecision>4</dataTypePrecision>
<dataTypeScale>2</dataTypeScale>
<ownDataTypeParameters>,4,2</ownDataTypeParameters>
</Attribute>
<Attribute name="POI_Cls_Time" id="BAF8D93E-86BD-F692-1F30-389D138EA5AC">
<createdBy>Owner</createdBy>
<createdTime>2018-09-09 05:47:03 UTC</createdTime>
<comment>POI_Cls_Time = Point of interest closing time</comment>
<ownerDesignName>MC_logical_model</ownerDesignName>
<engineerTo>
<item key="B67171E3-30AF-204C-D830-3263E0E95B72" value="true"/>
</engineerTo>
<useDomainConstraints>false</useDomainConstraints>
<use>1</use>
<logicalDatatype>LOGDT019</logicalDatatype>
<dataTypePrecision>4</dataTypePrecision>
<dataTypeScale>2</dataTypeScale>
<ownDataTypeParameters>,4,2</ownDataTypeParameters>
</Attribute>
</attributes>
<identifiers itemClass="oracle.dbtools.crest.model.design.logical.CandidateKey">
<identifier id="24A7A802-CCE6-F8CE-147F-3435E15A767C" name="Point_Of_Interest PK">
<createdBy>Owner</createdBy>
<createdTime>2018-09-09 05:19:24 UTC</createdTime>
<ownerDesignName>MC_logical_model</ownerDesignName>
<shouldEngineer>false</shouldEngineer>
<engineerTo>
<item key="B67171E3-30AF-204C-D830-3263E0E95B72" value="false"/>
</engineerTo>
<pk>true</pk>
<usedAttributes>
<attributeRef>AFFF69C0-7FB4-140C-0C84-605499BCB7C1</attributeRef>
<attributeRef>117C31E7-664B-1C33-F351-E65CFD3F1AE0</attributeRef>
<attributeRef>2B311B51-C4C0-B1D8-8C5B-F110765D79D6</attributeRef>
<attributeRef>23C56021-CEC7-7841-5F4C-2CACF9AF785D</attributeRef>
<attributeRef>267AD5F1-7EE7-D8D7-7108-07A94C3A545F</attributeRef>
</usedAttributes>
</identifier>
</identifiers>
</Entity>