<?xml version = '1.0' encoding = 'UTF-8'?>
<Entity class="oracle.dbtools.crest.model.design.logical.Entity" directorySegmentName="seg_0" id="96C33F54-2625-216D-A688-4AC7E0D0948E" name="Cabin">
<createdBy>Owner</createdBy>
<createdTime>2018-09-09 07:29:12 UTC</createdTime>
<ownerDesignName>MC_logical_model</ownerDesignName>
<engineerTo>
<item key="B67171E3-30AF-204C-D830-3263E0E95B72" value="true"/>
</engineerTo>
<adequatelyNormalized>NO</adequatelyNormalized>
<expectedVolumes>0</expectedVolumes>
<fwdEngineeringStrategyName>Single Table</fwdEngineeringStrategyName>
<growthPercent>0</growthPercent>
<growthType>Year</growthType>
<maxVolumes>9999999</maxVolumes>
<minVolumes>0</minVolumes>
<normalForm>Third</normalForm>
<attributes itemClass="oracle.dbtools.crest.model.design.logical.Attribute">
<Attribute name="Cabin_No" id="C30B7466-4BDB-F6E1-FEF7-FAD0846D516E">
<createdBy>Owner</createdBy>
<createdTime>2018-09-09 07:29:25 UTC</createdTime>
<comment>Cabin_No = Cabin number</comment>
<commentInRDBMS>Cabin_No = Cabin number</commentInRDBMS>
<ownerDesignName>MC_logical_model</ownerDesignName>
<engineerTo>
<item key="B67171E3-30AF-204C-D830-3263E0E95B72" value="true"/>
</engineerTo>
<useDomainConstraints>false</useDomainConstraints>
<use>1</use>
<logicalDatatype>LOGDT019</logicalDatatype>
<dataTypePrecision>3</dataTypePrecision>
<ownDataTypeParameters>,3,</ownDataTypeParameters>
</Attribute>
<Attribute name="Cabin_Bedroom" id="A1818C83-203D-7810-C247-ECF2906BC635">
<createdBy>Owner</createdBy>
<createdTime>2018-09-09 07:30:00 UTC</createdTime>
<comment>Cabin_Bedroom = Number of bedrooms</comment>
<commentInRDBMS>Cabin_Bedroom = Number of bedrooms</commentInRDBMS>
<ownerDesignName>MC_logical_model</ownerDesignName>
<engineerTo>
<item key="B67171E3-30AF-204C-D830-3263E0E95B72" value="true"/>
</engineerTo>
<useDomainConstraints>false</useDomainConstraints>
<use>1</use>
<logicalDatatype>LOGDT019</logicalDatatype>
<dataTypePrecision>2</dataTypePrecision>
<ownDataTypeParameters>,2,</ownDataTypeParameters>
</Attribute>
<Attribute name="Cabin_Sleep_Capacity" id="49596DC2-41E5-95DB-FB5C-9A84BC661542">
<createdBy>Owner</createdBy>
<createdTime>2018-09-09 07:30:36 UTC</createdTime>
<comment>Cabin_Sleep_Capacity = Number of people who can sleep</comment>
<commentInRDBMS>Cabin_Sleep_Capacity = Number of people who can sleep</commentInRDBMS>
<ownerDesignName>MC_logical_model</ownerDesignName>
<engineerTo>
<item key="B67171E3-30AF-204C-D830-3263E0E95B72" value="true"/>
</engineerTo>
<useDomainConstraints>false</useDomainConstraints>
<use>1</use>
<logicalDatatype>LOGDT019</logicalDatatype>
<dataTypePrecision>2</dataTypePrecision>
<ownDataTypeParameters>,2,</ownDataTypeParameters>
</Attribute>
<Attribute name="Cabin_Desc" id="9541149D-43BF-7518-912F-63F0ACE38028">
<createdBy>Owner</createdBy>
<createdTime>2018-09-09 07:31:35 UTC</createdTime>
<comment>Cabin_Desc = Cabin description</comment>
<commentInRDBMS>Cabin_Desc = Cabin description</commentInRDBMS>
<ownerDesignName>MC_logical_model</ownerDesignName>
<engineerTo>
<item key="B67171E3-30AF-204C-D830-3263E0E95B72" value="true"/>
</engineerTo>
<useDomainConstraints>false</useDomainConstraints>
<use>1</use>
<logicalDatatype>LOGDT024</logicalDatatype>
<dataTypeSize>300</dataTypeSize>
<ownDataTypeParameters>300,,</ownDataTypeParameters>
</Attribute>
<Attribute name="Cabin_Stdcleantime" id="A208811C-69A4-4698-AE19-69074AD20CF7">
<createdBy>Owner</createdBy>
<createdTime>2018-09-09 07:32:17 UTC</createdTime>
<comment>Cabin_Stdcleantime = Cabin standard cleaning time</comment>
<commentInRDBMS>Cabin_Stdcleantime = Cabin standard cleaning time</commentInRDBMS>
<ownerDesignName>MC_logical_model</ownerDesignName>
<engineerTo>
<item key="B67171E3-30AF-204C-D830-3263E0E95B72" value="true"/>
</engineerTo>
<useDomainConstraints>false</useDomainConstraints>
<use>1</use>
<logicalDatatype>LOGDT019</logicalDatatype>
<dataTypePrecision>2</dataTypePrecision>
<ownDataTypeParameters>,2,</ownDataTypeParameters>
</Attribute>
<Attribute name="Resort_ID" id="69286330-5A4B-9C3C-2DF3-AD7960AB5951">
<createdBy>Owner</createdBy>
<createdTime>2018-09-09 07:33:18 UTC</createdTime>
<comment>Resort_ID = Resort ID</comment>
<commentInRDBMS>Resort_ID = Resort ID</commentInRDBMS>
<generatorID>E4444B75-301D-23EC-2A1D-6A30A37DE334</generatorID>
<ownerDesignName>MC_logical_model</ownerDesignName>
<engineerTo>
<item key="B67171E3-30AF-204C-D830-3263E0E95B72" value="true"/>
</engineerTo>
<referedAttribute>9C68F82F-D485-5717-4A87-A4824BB62D91</referedAttribute>
<useDomainConstraints>false</useDomainConstraints>
<use>1</use>
<logicalDatatype>LOGDT019</logicalDatatype>
<dataTypePrecision>5</dataTypePrecision>
<ownDataTypeParameters>,5,</ownDataTypeParameters>
</Attribute>
<Attribute name="Cabin_Type" id="6913C297-E32C-3E81-8347-1193AC0789F2">
<createdBy>Owner</createdBy>
<createdTime>2018-09-11 03:36:39 UTC</createdTime>
<comment>Cabin_Type = Cabin type</comment>
<commentInRDBMS>Cabin_Type = Cabin type</commentInRDBMS>
<ownerDesignName>MC_logical_model</ownerDesignName>
<engineerTo>
<item key="B67171E3-30AF-204C-D830-3263E0E95B72" value="true"/>
</engineerTo>
<nullsAllowed>true</nullsAllowed>
<useDomainConstraints>false</useDomainConstraints>
<use>1</use>
<logicalDatatype>LOGDT024</logicalDatatype>
<dataTypeSize>10</dataTypeSize>
<ownDataTypeParameters>10,,</ownDataTypeParameters>
</Attribute>
</attributes>
<identifiers itemClass="oracle.dbtools.crest.model.design.logical.CandidateKey">
<identifier id="4EA79088-D193-3A7F-13A4-C4C423271199" name="Cabin PK">
<createdBy>Owner</createdBy>
<createdTime>2018-09-09 07:29:36 UTC</createdTime>
<ownerDesignName>MC_logical_model</ownerDesignName>
<shouldEngineer>false</shouldEngineer>
<engineerTo>
<item key="B67171E3-30AF-204C-D830-3263E0E95B72" value="false"/>
</engineerTo>
<pk>true</pk>
<usedAttributes>
<attributeRef>C30B7466-4BDB-F6E1-FEF7-FAD0846D516E</attributeRef>
<attributeRef>69286330-5A4B-9C3C-2DF3-AD7960AB5951</attributeRef>
</usedAttributes>
</identifier>
</identifiers>
</Entity>