<?xml version = '1.0' encoding = 'UTF-8'?>
<Entity class="oracle.dbtools.crest.model.design.logical.Entity" directorySegmentName="seg_0" id="AA8D28DC-225E-F75C-5F8E-176DAC189C24" name="Booking">
<createdBy>Owner</createdBy>
<createdTime>2018-09-09 07:23:34 UTC</createdTime>
<ownerDesignName>MC_logical_model</ownerDesignName>
<engineerTo>
<item key="B67171E3-30AF-204C-D830-3263E0E95B72" value="true"/>
</engineerTo>
<adequatelyNormalized>NO</adequatelyNormalized>
<expectedVolumes>0</expectedVolumes>
<fwdEngineeringStrategyName>Single Table</fwdEngineeringStrategyName>
<growthPercent>0</growthPercent>
<growthType>Year</growthType>
<maxVolumes>9999999</maxVolumes>
<minVolumes>0</minVolumes>
<normalForm>Third</normalForm>
<attributes itemClass="oracle.dbtools.crest.model.design.logical.Attribute">
<Attribute name="Booking_Start_Date" id="DD8745AC-D58F-B185-533E-048D0F987147">
<createdBy>Owner</createdBy>
<createdTime>2018-09-09 07:23:41 UTC</createdTime>
<comment>Booking_Start_Date = Booking start date</comment>
<commentInRDBMS>Booking_Start_Date = Booking start date</commentInRDBMS>
<ownerDesignName>MC_logical_model</ownerDesignName>
<engineerTo>
<item key="B67171E3-30AF-204C-D830-3263E0E95B72" value="true"/>
</engineerTo>
<useDomainConstraints>false</useDomainConstraints>
<use>1</use>
<logicalDatatype>LOGDT007</logicalDatatype>
<ownDataTypeParameters>,,</ownDataTypeParameters>
</Attribute>
<Attribute name="Booking_End_Date" id="ABC92711-ED51-F232-0AB8-3D9EAB08289C">
<createdBy>Owner</createdBy>
<createdTime>2018-09-09 07:24:19 UTC</createdTime>
<comment>Booking_End_Date = Booking end date</comment>
<commentInRDBMS>Booking_End_Date = Booking end date</commentInRDBMS>
<ownerDesignName>MC_logical_model</ownerDesignName>
<engineerTo>
<item key="B67171E3-30AF-204C-D830-3263E0E95B72" value="true"/>
</engineerTo>
<useDomainConstraints>false</useDomainConstraints>
<use>1</use>
<logicalDatatype>LOGDT007</logicalDatatype>
<ownDataTypeParameters>,,</ownDataTypeParameters>
</Attribute>
<Attribute name="Booking_Adults" id="B3EF4110-7F10-ADA6-D572-7D2283E203CA">
<createdBy>Owner</createdBy>
<createdTime>2018-09-09 07:24:59 UTC</createdTime>
<comment>Booking_Adults = Number of adults</comment>
<commentInRDBMS>Booking_Adults = Number of adults</commentInRDBMS>
<ownerDesignName>MC_logical_model</ownerDesignName>
<engineerTo>
<item key="B67171E3-30AF-204C-D830-3263E0E95B72" value="true"/>
</engineerTo>
<useDomainConstraints>false</useDomainConstraints>
<use>1</use>
<logicalDatatype>LOGDT019</logicalDatatype>
<dataTypePrecision>2</dataTypePrecision>
<ownDataTypeParameters>,2,</ownDataTypeParameters>
</Attribute>
<Attribute name="Booking_Children" id="11E98CC0-99BB-3688-E4BD-FD0C15BD96FC">
<createdBy>Owner</createdBy>
<createdTime>2018-09-09 07:25:46 UTC</createdTime>
<comment>Booking_Children = Number of children</comment>
<commentInRDBMS>Booking_Children = Number of children</commentInRDBMS>
<ownerDesignName>MC_logical_model</ownerDesignName>
<engineerTo>
<item key="B67171E3-30AF-204C-D830-3263E0E95B72" value="true"/>
</engineerTo>
<useDomainConstraints>false</useDomainConstraints>
<use>1</use>
<logicalDatatype>LOGDT019</logicalDatatype>
<dataTypePrecision>2</dataTypePrecision>
<ownDataTypeParameters>,2,</ownDataTypeParameters>
</Attribute>
<Attribute name="Booking_Pets" id="A2BBC4EA-B724-4DAC-4A83-D1312CC61F9B">
<createdBy>Owner</createdBy>
<createdTime>2018-09-09 07:26:27 UTC</createdTime>
<comment>Booking_Pets = Number of pets</comment>
<commentInRDBMS>Booking_Pets = Number of pets</commentInRDBMS>
<ownerDesignName>MC_logical_model</ownerDesignName>
<engineerTo>
<item key="B67171E3-30AF-204C-D830-3263E0E95B72" value="true"/>
</engineerTo>
<useDomainConstraints>false</useDomainConstraints>
<use>1</use>
<logicalDatatype>LOGDT019</logicalDatatype>
<dataTypePrecision>2</dataTypePrecision>
<ownDataTypeParameters>,2,</ownDataTypeParameters>
</Attribute>
<Attribute name="Cabin_No" id="1E7EE300-CB04-6D7E-5762-9B70465C7D49">
<createdBy>Owner</createdBy>
<createdTime>2018-09-09 07:36:58 UTC</createdTime>
<comment>Cabin_No = Cabin number</comment>
<commentInRDBMS>Cabin_No = Cabin number</commentInRDBMS>
<generatorID>2E6DCF90-08FD-DDF0-EB7E-A1AB0EBF1239</generatorID>
<ownerDesignName>MC_logical_model</ownerDesignName>
<engineerTo>
<item key="B67171E3-30AF-204C-D830-3263E0E95B72" value="true"/>
</engineerTo>
<referedAttribute>C30B7466-4BDB-F6E1-FEF7-FAD0846D516E</referedAttribute>
<useDomainConstraints>false</useDomainConstraints>
<use>1</use>
<logicalDatatype>LOGDT019</logicalDatatype>
<dataTypePrecision>3</dataTypePrecision>
<ownDataTypeParameters>,3,</ownDataTypeParameters>
</Attribute>
<Attribute name="Resort_ID" id="758D7395-41F1-7F13-0CCA-85E69369CBAA">
<createdBy>Owner</createdBy>
<createdTime>2018-09-09 07:36:58 UTC</createdTime>
<comment>Resort_ID = Resort ID</comment>
<commentInRDBMS>Resort_ID = Resort ID</commentInRDBMS>
<generatorID>2E6DCF90-08FD-DDF0-EB7E-A1AB0EBF1239</generatorID>
<ownerDesignName>MC_logical_model</ownerDesignName>
<engineerTo>
<item key="B67171E3-30AF-204C-D830-3263E0E95B72" value="true"/>
</engineerTo>
<referedAttribute>69286330-5A4B-9C3C-2DF3-AD7960AB5951</referedAttribute>
<useDomainConstraints>false</useDomainConstraints>
<use>1</use>
<logicalDatatype>LOGDT019</logicalDatatype>
<dataTypePrecision>5</dataTypePrecision>
<ownDataTypeParameters>,5,</ownDataTypeParameters>
</Attribute>
<Attribute name="Guest_No" id="F67DE3C3-7844-CAF8-C276-23CB0F448F0F">
<createdBy>Owner</createdBy>
<createdTime>2018-09-09 07:38:54 UTC</createdTime>
<comment>Guest_No = Guest number</comment>
<commentInRDBMS>Guest_No = Guest number</commentInRDBMS>
<generatorID>07B8D17A-2104-49FB-4014-72EAFF7AE20E</generatorID>
<ownerDesignName>MC_logical_model</ownerDesignName>
<engineerTo>
<item key="B67171E3-30AF-204C-D830-3263E0E95B72" value="true"/>
</engineerTo>
<referedAttribute>2F290136-0F4A-B990-93A6-C807D0D10AE6</referedAttribute>
<useDomainConstraints>false</useDomainConstraints>
<use>1</use>
<logicalDatatype>LOGDT019</logicalDatatype>
<dataTypePrecision>6</dataTypePrecision>
<ownDataTypeParameters>,,</ownDataTypeParameters>
</Attribute>
</attributes>
<identifiers itemClass="oracle.dbtools.crest.model.design.logical.CandidateKey">
<identifier id="0A6F9156-81DA-D53E-218A-2A7F6961698A" name="Booking PK">
<createdBy>Owner</createdBy>
<createdTime>2018-09-09 07:23:51 UTC</createdTime>
<ownerDesignName>MC_logical_model</ownerDesignName>
<shouldEngineer>false</shouldEngineer>
<engineerTo>
<item key="B67171E3-30AF-204C-D830-3263E0E95B72" value="false"/>
</engineerTo>
<pk>true</pk>
<usedAttributes>
<attributeRef>DD8745AC-D58F-B185-533E-048D0F987147</attributeRef>
<attributeRef>1E7EE300-CB04-6D7E-5762-9B70465C7D49</attributeRef>
<attributeRef>758D7395-41F1-7F13-0CCA-85E69369CBAA</attributeRef>
<attributeRef>F67DE3C3-7844-CAF8-C276-23CB0F448F0F</attributeRef>
</usedAttributes>
</identifier>
</identifiers>
</Entity>