<?xml version = '1.0' encoding = 'UTF-8'?>
<Entity class="oracle.dbtools.crest.model.design.logical.Entity" directorySegmentName="seg_0" id="B187CD91-3EEA-850E-D568-0C01F73189D5" name="Town">
<createdBy>Owner</createdBy>
<createdTime>2018-09-09 04:50:47 UTC</createdTime>
<ownerDesignName>MC_logical_model</ownerDesignName>
<engineerTo>
<item key="B67171E3-30AF-204C-D830-3263E0E95B72" value="true"/>
</engineerTo>
<adequatelyNormalized>NO</adequatelyNormalized>
<expectedVolumes>0</expectedVolumes>
<fwdEngineeringStrategyName>Single Table</fwdEngineeringStrategyName>
<growthPercent>0</growthPercent>
<growthType>Year</growthType>
<maxVolumes>9999999</maxVolumes>
<minVolumes>0</minVolumes>
<normalForm>Third</normalForm>
<attributes itemClass="oracle.dbtools.crest.model.design.logical.Attribute">
<Attribute name="Town_Longitude" id="8BC66D0E-81DE-C72E-37A1-A949D90ABE2C">
<createdBy>Owner</createdBy>
<createdTime>2018-09-09 04:51:16 UTC</createdTime>
<comment>Town_Longitude = Longitude</comment>
<commentInRDBMS>Town_Longitude = Town longitude</commentInRDBMS>
<ownerDesignName>MC_logical_model</ownerDesignName>
<engineerTo>
<item key="B67171E3-30AF-204C-D830-3263E0E95B72" value="true"/>
</engineerTo>
<useDomainConstraints>false</useDomainConstraints>
<use>1</use>
<logicalDatatype>LOGDT019</logicalDatatype>
<dataTypePrecision>6</dataTypePrecision>
<dataTypeScale>2</dataTypeScale>
<ownDataTypeParameters>,6,2</ownDataTypeParameters>
</Attribute>
<Attribute name="Town_Latitude" id="D8171D82-9B04-7FD1-AA89-BA77903D68F5">
<createdBy>Owner</createdBy>
<createdTime>2018-09-09 04:52:41 UTC</createdTime>
<comment>Town_Latitude= Latitude</comment>
<commentInRDBMS>Town_Latitude= Town latitude</commentInRDBMS>
<ownerDesignName>MC_logical_model</ownerDesignName>
<engineerTo>
<item key="B67171E3-30AF-204C-D830-3263E0E95B72" value="true"/>
</engineerTo>
<useDomainConstraints>false</useDomainConstraints>
<use>1</use>
<logicalDatatype>LOGDT019</logicalDatatype>
<dataTypePrecision>6</dataTypePrecision>
<dataTypeScale>2</dataTypeScale>
<ownDataTypeParameters>,6,2</ownDataTypeParameters>
</Attribute>
<Attribute name="Town_Name" id="48592138-F078-F998-84EB-F5952657CF1B">
<createdBy>Owner</createdBy>
<createdTime>2018-09-09 04:53:18 UTC</createdTime>
<comment>Town_Name = Town name</comment>
<commentInRDBMS>Town_Name = Town name</commentInRDBMS>
<ownerDesignName>MC_logical_model</ownerDesignName>
<engineerTo>
<item key="B67171E3-30AF-204C-D830-3263E0E95B72" value="true"/>
</engineerTo>
<useDomainConstraints>false</useDomainConstraints>
<use>1</use>
<logicalDatatype>LOGDT024</logicalDatatype>
<dataTypeSize>50</dataTypeSize>
<ownDataTypeParameters>50,,</ownDataTypeParameters>
</Attribute>
<Attribute name="Town_State" id="65141ADE-1806-79DA-FBCE-BA8C506E88A8">
<createdBy>Owner</createdBy>
<createdTime>2018-09-09 04:54:05 UTC</createdTime>
<comment>Town_State = Stateof the town</comment>
<commentInRDBMS>Town_State = Stateof the town</commentInRDBMS>
<ownerDesignName>MC_logical_model</ownerDesignName>
<engineerTo>
<item key="B67171E3-30AF-204C-D830-3263E0E95B72" value="true"/>
</engineerTo>
<useDomainConstraints>false</useDomainConstraints>
<use>1</use>
<logicalDatatype>LOGDT024</logicalDatatype>
<dataTypeSize>50</dataTypeSize>
<ownDataTypeParameters>50,,</ownDataTypeParameters>
</Attribute>
<Attribute name="Town_Avg_Summ_Temp" id="02C3D90B-1648-C881-6B7B-F77D844357FC">
<createdBy>Owner</createdBy>
<createdTime>2018-09-09 04:54:58 UTC</createdTime>
<comment>Town_avg_summ_temp = average summer temperature</comment>
<commentInRDBMS>Town_Avg_Summ_Temp = Average summer temperature</commentInRDBMS>
<ownerDesignName>MC_logical_model</ownerDesignName>
<engineerTo>
<item key="B67171E3-30AF-204C-D830-3263E0E95B72" value="true"/>
</engineerTo>
<useDomainConstraints>false</useDomainConstraints>
<use>1</use>
<logicalDatatype>LOGDT019</logicalDatatype>
<dataTypePrecision>2</dataTypePrecision>
<ownDataTypeParameters>,2,</ownDataTypeParameters>
</Attribute>
<Attribute name="Town_Avg_Win_Temp" id="C0EE2A00-6B4E-7B46-464E-63FCF6744C72">
<createdBy>Owner</createdBy>
<createdTime>2018-09-09 04:56:25 UTC</createdTime>
<comment>Town_Avg_Win_Temp = Average winter temperatue</comment>
<commentInRDBMS>Town_Avg_Win_Temp = Average winter temperatue</commentInRDBMS>
<ownerDesignName>MC_logical_model</ownerDesignName>
<engineerTo>
<item key="B67171E3-30AF-204C-D830-3263E0E95B72" value="true"/>
</engineerTo>
<useDomainConstraints>false</useDomainConstraints>
<use>1</use>
<logicalDatatype>LOGDT019</logicalDatatype>
<dataTypePrecision>2</dataTypePrecision>
<ownDataTypeParameters>,2,</ownDataTypeParameters>
</Attribute>
<Attribute name="Town_Population" id="E81756B8-492B-FC5A-08F7-39C59D21CF6F">
<createdBy>Owner</createdBy>
<createdTime>2018-09-09 04:57:17 UTC</createdTime>
<comment>Town_Population = Town population</comment>
<commentInRDBMS>Town_Population = Town population</commentInRDBMS>
<ownerDesignName>MC_logical_model</ownerDesignName>
<engineerTo>
<item key="B67171E3-30AF-204C-D830-3263E0E95B72" value="true"/>
</engineerTo>
<useDomainConstraints>false</useDomainConstraints>
<use>1</use>
<logicalDatatype>LOGDT019</logicalDatatype>
<dataTypePrecision>7</dataTypePrecision>
<ownDataTypeParameters>,7,</ownDataTypeParameters>
</Attribute>
<Attribute name="Town_Elevation" id="4CD9D200-34AD-95A5-14B9-DD7B1F0421FC">
<createdBy>Owner</createdBy>
<createdTime>2018-09-09 04:58:06 UTC</createdTime>
<comment>Town_Elevation - Town elevation</comment>
<commentInRDBMS>Town_Elevation - Town elevation</commentInRDBMS>
<ownerDesignName>MC_logical_model</ownerDesignName>
<engineerTo>
<item key="B67171E3-30AF-204C-D830-3263E0E95B72" value="true"/>
</engineerTo>
<useDomainConstraints>false</useDomainConstraints>
<use>1</use>
<logicalDatatype>LOGDT019</logicalDatatype>
<dataTypePrecision>5</dataTypePrecision>
<ownDataTypeParameters>,5,</ownDataTypeParameters>
</Attribute>
</attributes>
<identifiers itemClass="oracle.dbtools.crest.model.design.logical.CandidateKey">
<identifier id="D497D618-86E9-22A5-C982-2D0BCB1FE572" name="Town PK">
<createdBy>Owner</createdBy>
<createdTime>2018-09-09 04:51:26 UTC</createdTime>
<ownerDesignName>MC_logical_model</ownerDesignName>
<shouldEngineer>false</shouldEngineer>
<engineerTo>
<item key="B67171E3-30AF-204C-D830-3263E0E95B72" value="false"/>
</engineerTo>
<pk>true</pk>
<usedAttributes>
<attributeRef>8BC66D0E-81DE-C72E-37A1-A949D90ABE2C</attributeRef>
<attributeRef>D8171D82-9B04-7FD1-AA89-BA77903D68F5</attributeRef>
</usedAttributes>
</identifier>
</identifiers>
</Entity>