<?xml version = '1.0' encoding = 'UTF-8'?>
<Entity class="oracle.dbtools.crest.model.design.logical.Entity" directorySegmentName="seg_0" id="CA4653D3-1807-0E71-F3D1-1D21F4B452CA" name="Rates">
<createdBy>Owner</createdBy>
<createdTime>2018-09-09 12:34:25 UTC</createdTime>
<ownerDesignName>MC_logical_model</ownerDesignName>
<engineerTo>
<item key="B67171E3-30AF-204C-D830-3263E0E95B72" value="true"/>
</engineerTo>
<adequatelyNormalized>NO</adequatelyNormalized>
<expectedVolumes>0</expectedVolumes>
<fwdEngineeringStrategyName>Single Table</fwdEngineeringStrategyName>
<growthPercent>0</growthPercent>
<growthType>Year</growthType>
<maxVolumes>9999999</maxVolumes>
<minVolumes>0</minVolumes>
<normalForm>Third</normalForm>
<attributes itemClass="oracle.dbtools.crest.model.design.logical.Attribute">
<Attribute name="Booking_Start_Date" id="AB8A6A29-9DEC-0AF4-5DDA-39D231EB4F42">
<createdBy>Owner</createdBy>
<createdTime>2018-09-09 12:44:15 UTC</createdTime>
<comment>Booking_Start_Date = Booking start date</comment>
<commentInRDBMS>Booking_Start_Date = Booking start date</commentInRDBMS>
<generatorID>DB16BA43-62FC-9EDE-775B-B2318B9BDBBA</generatorID>
<ownerDesignName>MC_logical_model</ownerDesignName>
<engineerTo>
<item key="B67171E3-30AF-204C-D830-3263E0E95B72" value="true"/>
</engineerTo>
<referedAttribute>DD8745AC-D58F-B185-533E-048D0F987147</referedAttribute>
<useDomainConstraints>false</useDomainConstraints>
<use>1</use>
<logicalDatatype>LOGDT007</logicalDatatype>
<ownDataTypeParameters>,,</ownDataTypeParameters>
</Attribute>
<Attribute name="Cabin_No" id="C6110B9C-FF8E-D7C7-447F-3E43F47325D9">
<createdBy>Owner</createdBy>
<createdTime>2018-09-09 12:44:15 UTC</createdTime>
<comment>Cabin_No = Cabin number</comment>
<commentInRDBMS>Cabin_No = Cabin number</commentInRDBMS>
<generatorID>DB16BA43-62FC-9EDE-775B-B2318B9BDBBA</generatorID>
<ownerDesignName>MC_logical_model</ownerDesignName>
<engineerTo>
<item key="B67171E3-30AF-204C-D830-3263E0E95B72" value="true"/>
</engineerTo>
<referedAttribute>1E7EE300-CB04-6D7E-5762-9B70465C7D49</referedAttribute>
<useDomainConstraints>false</useDomainConstraints>
<use>1</use>
<logicalDatatype>LOGDT019</logicalDatatype>
<dataTypePrecision>3</dataTypePrecision>
<ownDataTypeParameters>,,</ownDataTypeParameters>
</Attribute>
<Attribute name="Resort_ID" id="3FCEAB03-B68E-5774-8EDD-F152221041EF">
<createdBy>Owner</createdBy>
<createdTime>2018-09-09 12:44:15 UTC</createdTime>
<comment>Resort_ID = Resort ID</comment>
<commentInRDBMS>Resort_ID = Resort ID</commentInRDBMS>
<generatorID>DB16BA43-62FC-9EDE-775B-B2318B9BDBBA</generatorID>
<ownerDesignName>MC_logical_model</ownerDesignName>
<engineerTo>
<item key="B67171E3-30AF-204C-D830-3263E0E95B72" value="true"/>
</engineerTo>
<referedAttribute>758D7395-41F1-7F13-0CCA-85E69369CBAA</referedAttribute>
<useDomainConstraints>false</useDomainConstraints>
<use>1</use>
<logicalDatatype>LOGDT019</logicalDatatype>
<dataTypePrecision>5</dataTypePrecision>
<ownDataTypeParameters>,,</ownDataTypeParameters>
</Attribute>
<Attribute name="Stay_Period" id="3F42B59E-9AB5-C516-8780-01B6270A3A09">
<createdBy>Owner</createdBy>
<createdTime>2018-09-09 12:45:50 UTC</createdTime>
<comment>Stay_Period = Stay period</comment>
<commentInRDBMS>Stay_Period = Stay period</commentInRDBMS>
<ownerDesignName>MC_logical_model</ownerDesignName>
<engineerTo>
<item key="B67171E3-30AF-204C-D830-3263E0E95B72" value="true"/>
</engineerTo>
<nullsAllowed>true</nullsAllowed>
<useDomainConstraints>false</useDomainConstraints>
<use>1</use>
<logicalDatatype>LOGDT019</logicalDatatype>
<dataTypePrecision>2</dataTypePrecision>
<ownDataTypeParameters>,2,</ownDataTypeParameters>
</Attribute>
<Attribute name="Guest_No" id="EE4F2386-CE2E-D0C4-F7A3-314941D60227">
<createdBy>Owner</createdBy>
<createdTime>2018-09-09 14:12:11 UTC</createdTime>
<comment>Guest_No = Guest number</comment>
<commentInRDBMS>Guest_No = Guest number</commentInRDBMS>
<generatorID>DB16BA43-62FC-9EDE-775B-B2318B9BDBBA</generatorID>
<ownerDesignName>MC_logical_model</ownerDesignName>
<engineerTo>
<item key="B67171E3-30AF-204C-D830-3263E0E95B72" value="true"/>
</engineerTo>
<referedAttribute>F67DE3C3-7844-CAF8-C276-23CB0F448F0F</referedAttribute>
<useDomainConstraints>false</useDomainConstraints>
<use>1</use>
<logicalDatatype>LOGDT019</logicalDatatype>
<dataTypePrecision>6</dataTypePrecision>
<ownDataTypeParameters>,,</ownDataTypeParameters>
</Attribute>
</attributes>
<identifiers itemClass="oracle.dbtools.crest.model.design.logical.CandidateKey">
<identifier id="49EB8E25-6A28-B608-5487-422A03873A08" name="Rates PK">
<createdBy>Owner</createdBy>
<createdTime>2018-09-09 12:47:05 UTC</createdTime>
<ownerDesignName>MC_logical_model</ownerDesignName>
<engineerTo>
<item key="B67171E3-30AF-204C-D830-3263E0E95B72" value="true"/>
</engineerTo>
<pk>true</pk>
<usedAttributes>
<attributeRef>AB8A6A29-9DEC-0AF4-5DDA-39D231EB4F42</attributeRef>
<attributeRef>C6110B9C-FF8E-D7C7-447F-3E43F47325D9</attributeRef>
<attributeRef>3FCEAB03-B68E-5774-8EDD-F152221041EF</attributeRef>
<attributeRef>EE4F2386-CE2E-D0C4-F7A3-314941D60227</attributeRef>
<attributeRef>AB8A6A29-9DEC-0AF4-5DDA-39D231EB4F42</attributeRef>
<attributeRef>C6110B9C-FF8E-D7C7-447F-3E43F47325D9</attributeRef>
<attributeRef>3FCEAB03-B68E-5774-8EDD-F152221041EF</attributeRef>
<attributeRef>EE4F2386-CE2E-D0C4-F7A3-314941D60227</attributeRef>
</usedAttributes>
</identifier>
</identifiers>
</Entity>