<?xml version = '1.0' encoding = 'UTF-8'?>
<Entity class="oracle.dbtools.crest.model.design.logical.Entity" directorySegmentName="seg_0" id="CEC1B947-4A52-5ADD-CAF0-8AC0104E82C0" name="Running_Sheet">
<createdBy>Owner</createdBy>
<createdTime>2018-09-09 13:36:44 UTC</createdTime>
<ownerDesignName>MC_logical_model</ownerDesignName>
<engineerTo>
<item key="B67171E3-30AF-204C-D830-3263E0E95B72" value="true"/>
</engineerTo>
<adequatelyNormalized>NO</adequatelyNormalized>
<expectedVolumes>0</expectedVolumes>
<fwdEngineeringStrategyName>Single Table</fwdEngineeringStrategyName>
<growthPercent>0</growthPercent>
<growthType>Year</growthType>
<maxVolumes>9999999</maxVolumes>
<minVolumes>0</minVolumes>
<normalForm>Third</normalForm>
<attributes itemClass="oracle.dbtools.crest.model.design.logical.Attribute">
<Attribute name="Cabin_No" id="BC6175B0-2058-EC0B-7E5C-D03E49719E77">
<createdBy>Owner</createdBy>
<createdTime>2018-09-09 13:37:06 UTC</createdTime>
<comment>Cabin_No = Cabin number</comment>
<commentInRDBMS>Cabin_No = Cabin number</commentInRDBMS>
<generatorID>A078B3C1-DAB5-469C-A95B-8B7AAB5E26F7</generatorID>
<ownerDesignName>MC_logical_model</ownerDesignName>
<engineerTo>
<item key="B67171E3-30AF-204C-D830-3263E0E95B72" value="true"/>
</engineerTo>
<referedAttribute>C30B7466-4BDB-F6E1-FEF7-FAD0846D516E</referedAttribute>
<useDomainConstraints>false</useDomainConstraints>
<use>1</use>
<logicalDatatype>LOGDT019</logicalDatatype>
<dataTypePrecision>3</dataTypePrecision>
<ownDataTypeParameters>,,</ownDataTypeParameters>
</Attribute>
<Attribute name="Resort_ID" id="064C9154-9319-BC4E-0EC7-2ADAB66E07C7">
<createdBy>Owner</createdBy>
<createdTime>2018-09-09 13:37:06 UTC</createdTime>
<comment>Resort_ID = Resort ID</comment>
<commentInRDBMS>Resort_ID = Resort ID</commentInRDBMS>
<generatorID>A078B3C1-DAB5-469C-A95B-8B7AAB5E26F7</generatorID>
<ownerDesignName>MC_logical_model</ownerDesignName>
<engineerTo>
<item key="B67171E3-30AF-204C-D830-3263E0E95B72" value="true"/>
</engineerTo>
<referedAttribute>69286330-5A4B-9C3C-2DF3-AD7960AB5951</referedAttribute>
<useDomainConstraints>false</useDomainConstraints>
<use>1</use>
<logicalDatatype>LOGDT019</logicalDatatype>
<dataTypePrecision>5</dataTypePrecision>
<ownDataTypeParameters>,,</ownDataTypeParameters>
</Attribute>
<Attribute name="Charge" id="74EADF0E-D89A-403F-C923-12B3CD35A2A9">
<createdBy>Owner</createdBy>
<createdTime>2018-09-10 16:06:06 UTC</createdTime>
<comment>Charge = Total charge</comment>
<commentInRDBMS>Charge = Total charge</commentInRDBMS>
<ownerDesignName>MC_logical_model</ownerDesignName>
<engineerTo>
<item key="B67171E3-30AF-204C-D830-3263E0E95B72" value="true"/>
</engineerTo>
<nullsAllowed>true</nullsAllowed>
<useDomainConstraints>false</useDomainConstraints>
<use>1</use>
<logicalDatatype>LOGDT019</logicalDatatype>
<dataTypePrecision>3</dataTypePrecision>
<ownDataTypeParameters>,3,</ownDataTypeParameters>
</Attribute>
<Attribute name="Act_Cleantime" id="8E770871-AAD2-254E-E90B-8D3675DA2D8C">
<createdBy>Owner</createdBy>
<createdTime>2018-09-10 16:07:42 UTC</createdTime>
<comment>Act_Cleantime = Actual cleaning time</comment>
<commentInRDBMS>Act_Cleantime = Actual cleaning time</commentInRDBMS>
<ownerDesignName>MC_logical_model</ownerDesignName>
<engineerTo>
<item key="B67171E3-30AF-204C-D830-3263E0E95B72" value="true"/>
</engineerTo>
<nullsAllowed>true</nullsAllowed>
<useDomainConstraints>false</useDomainConstraints>
<use>1</use>
<logicalDatatype>LOGDT019</logicalDatatype>
<dataTypePrecision>2</dataTypePrecision>
<ownDataTypeParameters>,2,</ownDataTypeParameters>
</Attribute>
<Attribute name="Clean_date" id="7F0BF90A-1412-A033-D467-2B78F8CCCBF4">
<createdBy>Owner</createdBy>
<createdTime>2018-09-10 16:12:02 UTC</createdTime>
<comment>Clean_date = Date of cleaning</comment>
<commentInRDBMS>Clean_date = Date of cleaning</commentInRDBMS>
<ownerDesignName>MC_logical_model</ownerDesignName>
<engineerTo>
<item key="B67171E3-30AF-204C-D830-3263E0E95B72" value="true"/>
</engineerTo>
<useDomainConstraints>false</useDomainConstraints>
<use>1</use>
<logicalDatatype>LOGDT007</logicalDatatype>
<ownDataTypeParameters>,,</ownDataTypeParameters>
</Attribute>
<Attribute name="Contractor_No" id="A4827129-7439-3B07-9F98-583AA8581472">
<createdBy>Owner</createdBy>
<createdTime>2018-09-10 17:42:56 UTC</createdTime>
<comment>Contractor_No = Contractor number</comment>
<generatorID>76D57B52-529F-4812-9DB1-B93808ED3B0A</generatorID>
<ownerDesignName>MC_logical_model</ownerDesignName>
<engineerTo>
<item key="B67171E3-30AF-204C-D830-3263E0E95B72" value="true"/>
</engineerTo>
<referedAttribute>809EB007-6B89-CAAC-37B7-9F5524F7DD2B</referedAttribute>
<useDomainConstraints>false</useDomainConstraints>
<use>1</use>
<logicalDatatype>LOGDT019</logicalDatatype>
<dataTypePrecision>3</dataTypePrecision>
<ownDataTypeParameters>,,</ownDataTypeParameters>
</Attribute>
</attributes>
<identifiers itemClass="oracle.dbtools.crest.model.design.logical.CandidateKey">
<identifier id="8429BDFF-928E-14F7-E936-0A0167109327" name="Running_Sheet PK">
<createdBy>Owner</createdBy>
<createdTime>2018-09-09 13:38:35 UTC</createdTime>
<ownerDesignName>MC_logical_model</ownerDesignName>
<engineerTo>
<item key="B67171E3-30AF-204C-D830-3263E0E95B72" value="true"/>
</engineerTo>
<pk>true</pk>
<usedAttributes>
<attributeRef>BC6175B0-2058-EC0B-7E5C-D03E49719E77</attributeRef>
<attributeRef>064C9154-9319-BC4E-0EC7-2ADAB66E07C7</attributeRef>
<attributeRef>7F0BF90A-1412-A033-D467-2B78F8CCCBF4</attributeRef>
<attributeRef>A4827129-7439-3B07-9F98-583AA8581472</attributeRef>
</usedAttributes>
</identifier>
</identifiers>
</Entity>