<?xml version = '1.0' encoding = 'UTF-8'?>
<Entity class="oracle.dbtools.crest.model.design.logical.Entity" directorySegmentName="seg_0" id="DD4A3DD3-2A79-2286-3846-E2570EA6D3AB" name="Manager">
<createdBy>Owner</createdBy>
<createdTime>2018-09-09 06:48:46 UTC</createdTime>
<ownerDesignName>MC_logical_model</ownerDesignName>
<engineerTo>
<item key="B67171E3-30AF-204C-D830-3263E0E95B72" value="true"/>
</engineerTo>
<adequatelyNormalized>NO</adequatelyNormalized>
<expectedVolumes>0</expectedVolumes>
<fwdEngineeringStrategyName>Single Table</fwdEngineeringStrategyName>
<growthPercent>0</growthPercent>
<growthType>Year</growthType>
<maxVolumes>9999999</maxVolumes>
<minVolumes>0</minVolumes>
<normalForm>Third</normalForm>
<attributes itemClass="oracle.dbtools.crest.model.design.logical.Attribute">
<Attribute name="Manager_ID" id="46819F97-5F03-CA33-324D-38016107CF60">
<createdBy>Owner</createdBy>
<createdTime>2018-09-09 06:48:57 UTC</createdTime>
<ownerDesignName>MC_logical_model</ownerDesignName>
<engineerTo>
<item key="B67171E3-30AF-204C-D830-3263E0E95B72" value="true"/>
</engineerTo>
<useDomainConstraints>false</useDomainConstraints>
<use>1</use>
<logicalDatatype>LOGDT019</logicalDatatype>
<dataTypePrecision>4</dataTypePrecision>
<ownDataTypeParameters>,4,</ownDataTypeParameters>
</Attribute>
<Attribute name="Manager_Name" id="020D75D9-C74D-290B-64FF-5335FA857F50">
<createdBy>Owner</createdBy>
<createdTime>2018-09-09 06:56:55 UTC</createdTime>
<comment>Manager_Name = Manager name</comment>
<commentInRDBMS>Manager_Name = Manager name</commentInRDBMS>
<ownerDesignName>MC_logical_model</ownerDesignName>
<engineerTo>
<item key="B67171E3-30AF-204C-D830-3263E0E95B72" value="true"/>
</engineerTo>
<useDomainConstraints>false</useDomainConstraints>
<use>1</use>
<logicalDatatype>LOGDT024</logicalDatatype>
<dataTypeSize>50</dataTypeSize>
<ownDataTypeParameters>50,,</ownDataTypeParameters>
</Attribute>
<Attribute name="Manager_Address" id="1B623E44-6A12-29BE-C089-DBE1664E433B">
<createdBy>Owner</createdBy>
<createdTime>2018-09-09 06:57:32 UTC</createdTime>
<comment>Manager_Address = Manager address</comment>
<commentInRDBMS>Manager_Address = Manager address</commentInRDBMS>
<ownerDesignName>MC_logical_model</ownerDesignName>
<engineerTo>
<item key="B67171E3-30AF-204C-D830-3263E0E95B72" value="true"/>
</engineerTo>
<useDomainConstraints>false</useDomainConstraints>
<use>1</use>
<logicalDatatype>LOGDT024</logicalDatatype>
<dataTypeSize>150</dataTypeSize>
<ownDataTypeParameters>150,,</ownDataTypeParameters>
</Attribute>
<Attribute name="Manager_Phone" id="A0B09B10-FC58-91FD-31AC-8ABF8A1996CC">
<createdBy>Owner</createdBy>
<createdTime>2018-09-09 06:58:09 UTC</createdTime>
<comment>Manager_Phone = Manager phone number</comment>
<commentInRDBMS>Manager_Phone = Manager phone number</commentInRDBMS>
<ownerDesignName>MC_logical_model</ownerDesignName>
<engineerTo>
<item key="B67171E3-30AF-204C-D830-3263E0E95B72" value="true"/>
</engineerTo>
<useDomainConstraints>false</useDomainConstraints>
<use>1</use>
<logicalDatatype>LOGDT019</logicalDatatype>
<dataTypePrecision>10</dataTypePrecision>
<ownDataTypeParameters>,10,</ownDataTypeParameters>
</Attribute>
</attributes>
<identifiers itemClass="oracle.dbtools.crest.model.design.logical.CandidateKey">
<identifier id="E85ADA00-48C7-840F-8E3C-D1E91AC014DD" name="Manager PK">
<createdBy>Owner</createdBy>
<createdTime>2018-09-09 06:49:18 UTC</createdTime>
<ownerDesignName>MC_logical_model</ownerDesignName>
<shouldEngineer>false</shouldEngineer>
<engineerTo>
<item key="B67171E3-30AF-204C-D830-3263E0E95B72" value="false"/>
</engineerTo>
<pk>true</pk>
<usedAttributes>
<attributeRef>46819F97-5F03-CA33-324D-38016107CF60</attributeRef>
</usedAttributes>
</identifier>
</identifiers>
</Entity>