<?xml version = '1.0' encoding = 'UTF-8'?>
<Entity class="oracle.dbtools.crest.model.design.logical.Entity" directorySegmentName="seg_0" id="F1B76FE8-A395-613D-046D-4B7FE7CD4F46" name="Cleaner">
<createdBy>Owner</createdBy>
<createdTime>2018-09-09 13:08:51 UTC</createdTime>
<ownerDesignName>MC_logical_model</ownerDesignName>
<engineerTo>
<item key="B67171E3-30AF-204C-D830-3263E0E95B72" value="true"/>
</engineerTo>
<adequatelyNormalized>NO</adequatelyNormalized>
<expectedVolumes>0</expectedVolumes>
<fwdEngineeringStrategyName>Single Table</fwdEngineeringStrategyName>
<growthPercent>0</growthPercent>
<growthType>Year</growthType>
<maxVolumes>9999999</maxVolumes>
<minVolumes>0</minVolumes>
<normalForm>Third</normalForm>
<attributes itemClass="oracle.dbtools.crest.model.design.logical.Attribute">
<Attribute name="Contractor_No" id="809EB007-6B89-CAAC-37B7-9F5524F7DD2B">
<createdBy>Owner</createdBy>
<createdTime>2018-09-09 13:08:58 UTC</createdTime>
<comment>Contractor_No = Contractor number</comment>
<ownerDesignName>MC_logical_model</ownerDesignName>
<engineerTo>
<item key="B67171E3-30AF-204C-D830-3263E0E95B72" value="true"/>
</engineerTo>
<useDomainConstraints>false</useDomainConstraints>
<use>1</use>
<logicalDatatype>LOGDT019</logicalDatatype>
<dataTypePrecision>3</dataTypePrecision>
<ownDataTypeParameters>,3,</ownDataTypeParameters>
</Attribute>
<Attribute name="Contractor_Fname" id="7661CAE8-36A6-0389-0F44-1203EC341CF3">
<createdBy>Owner</createdBy>
<createdTime>2018-09-09 13:09:48 UTC</createdTime>
<comment>Contractor_Fname = Contractor first name</comment>
<commentInRDBMS>Contractor_Fname = Contractor first name</commentInRDBMS>
<ownerDesignName>MC_logical_model</ownerDesignName>
<engineerTo>
<item key="B67171E3-30AF-204C-D830-3263E0E95B72" value="true"/>
</engineerTo>
<nullsAllowed>true</nullsAllowed>
<useDomainConstraints>false</useDomainConstraints>
<use>1</use>
<logicalDatatype>LOGDT024</logicalDatatype>
<dataTypeSize>50</dataTypeSize>
<ownDataTypeParameters>50,,</ownDataTypeParameters>
</Attribute>
<Attribute name="Contractor_Lname" id="25A0F85B-7EDC-D788-5CB1-2B5D329A0344">
<createdBy>Owner</createdBy>
<createdTime>2018-09-09 13:11:40 UTC</createdTime>
<comment>Contractor_Lname = Contractor last name</comment>
<commentInRDBMS>Contractor_Lname = Contractor last name</commentInRDBMS>
<ownerDesignName>MC_logical_model</ownerDesignName>
<engineerTo>
<item key="B67171E3-30AF-204C-D830-3263E0E95B72" value="true"/>
</engineerTo>
<nullsAllowed>true</nullsAllowed>
<useDomainConstraints>false</useDomainConstraints>
<use>1</use>
<logicalDatatype>LOGDT024</logicalDatatype>
<dataTypeSize>50</dataTypeSize>
<ownDataTypeParameters>50,,</ownDataTypeParameters>
</Attribute>
<Attribute name="Contractor_Rate" id="F5BCAFCA-DE1B-7C19-1937-7837997FDA17">
<createdBy>Owner</createdBy>
<createdTime>2018-09-09 13:12:39 UTC</createdTime>
<comment>Contractor_Rate = Contractor hourly rate</comment>
<commentInRDBMS>Contractor_Rate = Contractor hourly rate</commentInRDBMS>
<ownerDesignName>MC_logical_model</ownerDesignName>
<engineerTo>
<item key="B67171E3-30AF-204C-D830-3263E0E95B72" value="true"/>
</engineerTo>
<nullsAllowed>true</nullsAllowed>
<useDomainConstraints>false</useDomainConstraints>
<use>1</use>
<logicalDatatype>LOGDT019</logicalDatatype>
<dataTypePrecision>3</dataTypePrecision>
<ownDataTypeParameters>,3,</ownDataTypeParameters>
</Attribute>
<Attribute name="Contractor_Phone" id="0A538C8E-4331-97F6-23D9-E60EE1D73E95">
<createdBy>Owner</createdBy>
<createdTime>2018-09-09 13:13:23 UTC</createdTime>
<comment>Contractor_Phone = Contractor phone number</comment>
<commentInRDBMS>Contractor_Phone = Contractor phone number</commentInRDBMS>
<ownerDesignName>MC_logical_model</ownerDesignName>
<engineerTo>
<item key="B67171E3-30AF-204C-D830-3263E0E95B72" value="true"/>
</engineerTo>
<nullsAllowed>true</nullsAllowed>
<useDomainConstraints>false</useDomainConstraints>
<use>1</use>
<logicalDatatype>LOGDT019</logicalDatatype>
<dataTypePrecision>10</dataTypePrecision>
<ownDataTypeParameters>,10,</ownDataTypeParameters>
</Attribute>
<Attribute name="Contractor_Address" id="47F6FA4A-CF73-C567-AFAD-E147098DE695">
<createdBy>Owner</createdBy>
<createdTime>2018-09-11 03:30:40 UTC</createdTime>
<comment>Contractor_Address = contractor address</comment>
<commentInRDBMS>Contractor_Address = contractor address</commentInRDBMS>
<ownerDesignName>MC_logical_model</ownerDesignName>
<engineerTo>
<item key="B67171E3-30AF-204C-D830-3263E0E95B72" value="true"/>
</engineerTo>
<nullsAllowed>true</nullsAllowed>
<useDomainConstraints>false</useDomainConstraints>
<use>1</use>
<logicalDatatype>LOGDT024</logicalDatatype>
<dataTypeSize>1000</dataTypeSize>
<ownDataTypeParameters>1000,,</ownDataTypeParameters>
</Attribute>
</attributes>
<identifiers itemClass="oracle.dbtools.crest.model.design.logical.CandidateKey">
<identifier id="14A21F0D-F17F-A4EB-8C8D-F33D760C6E33" name="Cleaner PK">
<createdBy>Owner</createdBy>
<createdTime>2018-09-09 13:09:45 UTC</createdTime>
<ownerDesignName>MC_logical_model</ownerDesignName>
<shouldEngineer>false</shouldEngineer>
<engineerTo>
<item key="B67171E3-30AF-204C-D830-3263E0E95B72" value="false"/>
</engineerTo>
<pk>true</pk>
<usedAttributes>
<attributeRef>809EB007-6B89-CAAC-37B7-9F5524F7DD2B</attributeRef>
</usedAttributes>
</identifier>
</identifiers>
</Entity>