<?xml version = '1.0' encoding = 'UTF-8'?>
<Entity class="oracle.dbtools.crest.model.design.logical.Entity" directorySegmentName="seg_0" id="F1ECA954-1B00-8CA0-01CE-7902A80C585C" name="Guest">
<createdBy>Owner</createdBy>
<createdTime>2018-09-09 07:10:01 UTC</createdTime>
<ownerDesignName>MC_logical_model</ownerDesignName>
<engineerTo>
<item key="B67171E3-30AF-204C-D830-3263E0E95B72" value="true"/>
</engineerTo>
<adequatelyNormalized>NO</adequatelyNormalized>
<expectedVolumes>0</expectedVolumes>
<fwdEngineeringStrategyName>Single Table</fwdEngineeringStrategyName>
<growthPercent>0</growthPercent>
<growthType>Year</growthType>
<maxVolumes>9999999</maxVolumes>
<minVolumes>0</minVolumes>
<normalForm>Third</normalForm>
<attributes itemClass="oracle.dbtools.crest.model.design.logical.Attribute">
<Attribute name="Guest_No" id="2F290136-0F4A-B990-93A6-C807D0D10AE6">
<createdBy>Owner</createdBy>
<createdTime>2018-09-09 07:10:10 UTC</createdTime>
<comment>Guest_No = Guest number</comment>
<commentInRDBMS>Guest_No = Guest number</commentInRDBMS>
<ownerDesignName>MC_logical_model</ownerDesignName>
<engineerTo>
<item key="B67171E3-30AF-204C-D830-3263E0E95B72" value="true"/>
</engineerTo>
<useDomainConstraints>false</useDomainConstraints>
<use>1</use>
<logicalDatatype>LOGDT019</logicalDatatype>
<dataTypePrecision>6</dataTypePrecision>
<ownDataTypeParameters>,6,</ownDataTypeParameters>
</Attribute>
<Attribute name="Guest_Name" id="DF6758B7-169D-7B25-5CF7-54241C415D41">
<createdBy>Owner</createdBy>
<createdTime>2018-09-09 07:10:53 UTC</createdTime>
<comment>Guest_Name = Guest name</comment>
<commentInRDBMS>Guest_Name = Guest name</commentInRDBMS>
<ownerDesignName>MC_logical_model</ownerDesignName>
<engineerTo>
<item key="B67171E3-30AF-204C-D830-3263E0E95B72" value="true"/>
</engineerTo>
<useDomainConstraints>false</useDomainConstraints>
<use>1</use>
<logicalDatatype>LOGDT024</logicalDatatype>
<dataTypeSize>50</dataTypeSize>
<ownDataTypeParameters>50,,</ownDataTypeParameters>
</Attribute>
<Attribute name="Guest_Address" id="86D00152-D7B6-0AE2-ED85-B23168E81E7D">
<createdBy>Owner</createdBy>
<createdTime>2018-09-09 07:11:29 UTC</createdTime>
<comment>Guest_Address = Guest Address</comment>
<commentInRDBMS>Guest_Address = Guest Address</commentInRDBMS>
<ownerDesignName>MC_logical_model</ownerDesignName>
<engineerTo>
<item key="B67171E3-30AF-204C-D830-3263E0E95B72" value="true"/>
</engineerTo>
<useDomainConstraints>false</useDomainConstraints>
<use>1</use>
<logicalDatatype>LOGDT024</logicalDatatype>
<dataTypeSize>150</dataTypeSize>
<ownDataTypeParameters>150,,</ownDataTypeParameters>
</Attribute>
<Attribute name="Guest_Country" id="76C02942-25C9-E3CF-9391-347C2D7A3EFA">
<createdBy>Owner</createdBy>
<createdTime>2018-09-09 07:11:58 UTC</createdTime>
<comment>Guest_Country = guest country</comment>
<commentInRDBMS>Guest_Country = guest country</commentInRDBMS>
<ownerDesignName>MC_logical_model</ownerDesignName>
<engineerTo>
<item key="B67171E3-30AF-204C-D830-3263E0E95B72" value="true"/>
</engineerTo>
<useDomainConstraints>false</useDomainConstraints>
<use>1</use>
<logicalDatatype>LOGDT024</logicalDatatype>
<dataTypeSize>50</dataTypeSize>
<ownDataTypeParameters>50,,</ownDataTypeParameters>
</Attribute>
<Attribute name="Guest_Email" id="8B5E2F03-1FCB-8085-A00C-CB5AB120BC37">
<createdBy>Owner</createdBy>
<createdTime>2018-09-09 07:12:37 UTC</createdTime>
<comment>Guest_Email = Guest email</comment>
<commentInRDBMS>Guest_Email = Guest email</commentInRDBMS>
<ownerDesignName>MC_logical_model</ownerDesignName>
<engineerTo>
<item key="B67171E3-30AF-204C-D830-3263E0E95B72" value="true"/>
</engineerTo>
<useDomainConstraints>false</useDomainConstraints>
<use>1</use>
<logicalDatatype>LOGDT024</logicalDatatype>
<dataTypeSize>50</dataTypeSize>
<ownDataTypeParameters>50,,</ownDataTypeParameters>
</Attribute>
<Attribute name="Guest_Phone" id="B35C6487-5887-34C4-D686-6FA84C01587F">
<createdBy>Owner</createdBy>
<createdTime>2018-09-09 07:13:12 UTC</createdTime>
<comment>Guest_Phone = Guest phone number</comment>
<commentInRDBMS>Guest_Phone = Guest phone number</commentInRDBMS>
<ownerDesignName>MC_logical_model</ownerDesignName>
<engineerTo>
<item key="B67171E3-30AF-204C-D830-3263E0E95B72" value="true"/>
</engineerTo>
<useDomainConstraints>false</useDomainConstraints>
<use>1</use>
<logicalDatatype>LOGDT019</logicalDatatype>
<dataTypePrecision>10</dataTypePrecision>
<ownDataTypeParameters>,10,</ownDataTypeParameters>
</Attribute>
</attributes>
<identifiers itemClass="oracle.dbtools.crest.model.design.logical.CandidateKey">
<identifier id="9F274B0C-19ED-7B9B-0929-0275D2D8B436" name="Guest PK">
<createdBy>Owner</createdBy>
<createdTime>2018-09-09 07:10:21 UTC</createdTime>
<ownerDesignName>MC_logical_model</ownerDesignName>
<shouldEngineer>false</shouldEngineer>
<engineerTo>
<item key="B67171E3-30AF-204C-D830-3263E0E95B72" value="false"/>
</engineerTo>
<pk>true</pk>
<usedAttributes>
<attributeRef>2F290136-0F4A-B990-93A6-C807D0D10AE6</attributeRef>
</usedAttributes>
</identifier>
</identifiers>
</Entity>