<?xml version = '1.0' encoding = 'UTF-8'?>
<Table class="oracle.dbtools.crest.model.design.relational.Table" directorySegmentName="seg_0" id="0B95FB9F-3069-3475-EC29-CBD07CBCC7FF" name="Booking">
<createdBy>Owner</createdBy>
<createdTime>2018-09-09 13:54:13 UTC</createdTime>
<generatorID>AA8D28DC-225E-F75C-5F8E-176DAC189C24</generatorID>
<ownerDesignName>MC_logical_model</ownerDesignName>
<allowColumnReorder>false</allowColumnReorder>
<existDependencyGenerateInDDl>true</existDependencyGenerateInDDl>
<parsed>true</parsed>
<columns itemClass="oracle.dbtools.crest.model.design.relational.Column">
<Column name="Booking_Start_Date" id="FABB69B3-9DBC-10B3-0384-A3ABC73E66DD">
<createdBy>Owner</createdBy>
<createdTime>2018-09-09 13:54:13 UTC</createdTime>
<comment>Booking_Start_Date = Booking start date</comment>
<commentInRDBMS>Booking_Start_Date = Booking start date</commentInRDBMS>
<generatorID>DD8745AC-D58F-B185-533E-048D0F987147</generatorID>
<ownerDesignName>MC_logical_model</ownerDesignName>
<useDomainConstraints>false</useDomainConstraints>
<use>1</use>
<logicalDatatype>LOGDT007</logicalDatatype>
<ownDataTypeParameters>,,</ownDataTypeParameters>
<autoIncrementCycle>false</autoIncrementCycle>
</Column>
<Column name="Booking_End_Date" id="2285E2A1-63CA-E405-3853-2E10FBBAC4F8">
<createdBy>Owner</createdBy>
<createdTime>2018-09-09 13:54:13 UTC</createdTime>
<comment>Booking_End_Date = Booking end date</comment>
<commentInRDBMS>Booking_End_Date = Booking end date</commentInRDBMS>
<generatorID>ABC92711-ED51-F232-0AB8-3D9EAB08289C</generatorID>
<ownerDesignName>MC_logical_model</ownerDesignName>
<useDomainConstraints>false</useDomainConstraints>
<use>1</use>
<logicalDatatype>LOGDT007</logicalDatatype>
<ownDataTypeParameters>,,</ownDataTypeParameters>
<autoIncrementCycle>false</autoIncrementCycle>
</Column>
<Column name="Booking_Adults" id="B99FFD2F-3675-097C-C650-24E39A60E551">
<createdBy>Owner</createdBy>
<createdTime>2018-09-09 13:54:13 UTC</createdTime>
<comment>Booking_Adults = Number of adults</comment>
<commentInRDBMS>Booking_Adults = Number of adults</commentInRDBMS>
<generatorID>B3EF4110-7F10-ADA6-D572-7D2283E203CA</generatorID>
<ownerDesignName>MC_logical_model</ownerDesignName>
<useDomainConstraints>false</useDomainConstraints>
<use>1</use>
<logicalDatatype>LOGDT019</logicalDatatype>
<dataTypePrecision>2</dataTypePrecision>
<ownDataTypeParameters>,2,</ownDataTypeParameters>
<autoIncrementCycle>false</autoIncrementCycle>
</Column>
<Column name="Booking_Children" id="DA18C017-C124-7BE0-FA49-FA427F660863">
<createdBy>Owner</createdBy>
<createdTime>2018-09-09 13:54:13 UTC</createdTime>
<comment>Booking_Children = Number of children</comment>
<commentInRDBMS>Booking_Children = Number of children</commentInRDBMS>
<generatorID>11E98CC0-99BB-3688-E4BD-FD0C15BD96FC</generatorID>
<ownerDesignName>MC_logical_model</ownerDesignName>
<useDomainConstraints>false</useDomainConstraints>
<use>1</use>
<logicalDatatype>LOGDT019</logicalDatatype>
<dataTypePrecision>2</dataTypePrecision>
<ownDataTypeParameters>,2,</ownDataTypeParameters>
<autoIncrementCycle>false</autoIncrementCycle>
</Column>
<Column name="Booking_Pets" id="F6C1069C-5B7D-1202-F8F9-C2622EA8A3F4">
<createdBy>Owner</createdBy>
<createdTime>2018-09-09 13:54:13 UTC</createdTime>
<comment>Booking_Pets = Number of pets</comment>
<commentInRDBMS>Booking_Pets = Number of pets</commentInRDBMS>
<generatorID>A2BBC4EA-B724-4DAC-4A83-D1312CC61F9B</generatorID>
<ownerDesignName>MC_logical_model</ownerDesignName>
<useDomainConstraints>false</useDomainConstraints>
<use>1</use>
<logicalDatatype>LOGDT019</logicalDatatype>
<dataTypePrecision>2</dataTypePrecision>
<ownDataTypeParameters>,2,</ownDataTypeParameters>
<autoIncrementCycle>false</autoIncrementCycle>
</Column>
<Column name="Cabin_No" id="80E50502-AE40-5A18-24A1-87DBC09597B2">
<createdBy>Owner</createdBy>
<createdTime>2018-09-09 13:54:13 UTC</createdTime>
<comment>Cabin_No = Cabin number</comment>
<commentInRDBMS>Cabin_No = Cabin number</commentInRDBMS>
<generatorID>1E7EE300-CB04-6D7E-5762-9B70465C7D49</generatorID>
<ownerDesignName>MC_logical_model</ownerDesignName>
<useDomainConstraints>false</useDomainConstraints>
<use>1</use>
<logicalDatatype>LOGDT019</logicalDatatype>
<dataTypePrecision>3</dataTypePrecision>
<ownDataTypeParameters>,,</ownDataTypeParameters>
<previousColumn>false</previousColumn>
<autoIncrementCycle>false</autoIncrementCycle>
<associations>
<colAssociation fkAssociation="EB3CACF1-5D9C-15E8-CC75-32EDE420BDDA" referredColumn="8D35FE78-21D9-A4FD-9481-3D1D54E1EA71"/>
</associations>
</Column>
<Column name="Resort_ID" id="7224E109-A450-253F-8139-43D76FBB8FEA">
<createdBy>Owner</createdBy>
<createdTime>2018-09-09 13:54:13 UTC</createdTime>
<comment>Resort_ID = Resort ID</comment>
<commentInRDBMS>Resort_ID = Resort ID</commentInRDBMS>
<generatorID>758D7395-41F1-7F13-0CCA-85E69369CBAA</generatorID>
<ownerDesignName>MC_logical_model</ownerDesignName>
<useDomainConstraints>false</useDomainConstraints>
<use>1</use>
<logicalDatatype>LOGDT019</logicalDatatype>
<dataTypePrecision>5</dataTypePrecision>
<ownDataTypeParameters>,,</ownDataTypeParameters>
<previousColumn>false</previousColumn>
<autoIncrementCycle>false</autoIncrementCycle>
<associations>
<colAssociation fkAssociation="EB3CACF1-5D9C-15E8-CC75-32EDE420BDDA" referredColumn="648B0874-8008-F89F-2352-21F4697EA84A"/>
</associations>
</Column>
<Column name="Guest_No" id="6F3FFCF2-103C-1AAE-5DF4-C37338C29272">
<createdBy>Owner</createdBy>
<createdTime>2018-09-09 13:54:13 UTC</createdTime>
<comment>Guest_No = Guest number</comment>
<commentInRDBMS>Guest_No = Guest number</commentInRDBMS>
<generatorID>F67DE3C3-7844-CAF8-C276-23CB0F448F0F</generatorID>
<ownerDesignName>MC_logical_model</ownerDesignName>
<useDomainConstraints>false</useDomainConstraints>
<use>1</use>
<logicalDatatype>LOGDT019</logicalDatatype>
<dataTypePrecision>6</dataTypePrecision>
<ownDataTypeParameters>,,</ownDataTypeParameters>
<previousColumn>false</previousColumn>
<autoIncrementCycle>false</autoIncrementCycle>
<associations>
<colAssociation fkAssociation="AF7D2171-63E4-63DA-4850-88054164578A" referredColumn="0F573A44-435D-E5D3-9350-916007C62E18"/>
</associations>
</Column>
</columns>
<indexes itemClass="oracle.dbtools.crest.model.design.relational.Index">
<ind_PK_UK id="F9E8B71A-43CC-3B4A-160D-59D12B01E8C6" name="Booking_PK">
<createdBy>Owner</createdBy>
<createdTime>2018-09-09 13:54:13 UTC</createdTime>
<generatorID>0A6F9156-81DA-D53E-218A-2A7F6961698A</generatorID>
<ownerDesignName>MC_logical_model</ownerDesignName>
<pk>true</pk>
<indexState>Primary Constraint</indexState>
<isSurrogateKey>false</isSurrogateKey>
<indexColumnUsage>
<colUsage columnID="FABB69B3-9DBC-10B3-0384-A3ABC73E66DD"/>
<colUsage columnID="80E50502-AE40-5A18-24A1-87DBC09597B2"/>
<colUsage columnID="7224E109-A450-253F-8139-43D76FBB8FEA"/>
<colUsage columnID="6F3FFCF2-103C-1AAE-5DF4-C37338C29272"/>
</indexColumnUsage>
</ind_PK_UK>
<ind_PK_UK id="23456339-742F-AD09-C888-50B7D3ACDAA0" name="Cabin_Booking">
<createdBy>Owner</createdBy>
<createdTime>2018-09-09 13:54:13 UTC</createdTime>
<generatorID>2E6DCF90-08FD-DDF0-EB7E-A1AB0EBF1239</generatorID>
<ownerDesignName>MC_logical_model</ownerDesignName>
<indexState>Foreign Key</indexState>
<isSurrogateKey>false</isSurrogateKey>
<indexColumnUsage>
<colUsage columnID="80E50502-AE40-5A18-24A1-87DBC09597B2"/>
<colUsage columnID="7224E109-A450-253F-8139-43D76FBB8FEA"/>
</indexColumnUsage>
</ind_PK_UK>
<ind_PK_UK id="3D3E8C9D-10F9-873D-8E1B-AD4330499F2F" name="Guest_Booking">
<createdBy>Owner</createdBy>
<createdTime>2018-09-09 13:54:13 UTC</createdTime>
<generatorID>07B8D17A-2104-49FB-4014-72EAFF7AE20E</generatorID>
<ownerDesignName>MC_logical_model</ownerDesignName>
<indexState>Foreign Key</indexState>
<isSurrogateKey>false</isSurrogateKey>
<indexColumnUsage>
<colUsage columnID="6F3FFCF2-103C-1AAE-5DF4-C37338C29272"/>
</indexColumnUsage>
</ind_PK_UK>
</indexes>
</Table>