<?xml version = '1.0' encoding = 'UTF-8'?>
<Table class="oracle.dbtools.crest.model.design.relational.Table" directorySegmentName="seg_0" id="2F2FBA38-6EBC-BFBA-2B8B-8023CCC1D671" name="Rates">
<createdBy>Owner</createdBy>
<createdTime>2018-09-09 13:54:13 UTC</createdTime>
<generatorID>CA4653D3-1807-0E71-F3D1-1D21F4B452CA</generatorID>
<ownerDesignName>MC_logical_model</ownerDesignName>
<allowColumnReorder>false</allowColumnReorder>
<existDependencyGenerateInDDl>true</existDependencyGenerateInDDl>
<parsed>true</parsed>
<columns itemClass="oracle.dbtools.crest.model.design.relational.Column">
<Column name="Booking_Start_Date" id="35CCE042-012E-E655-AAC0-4FE149FF5BA1">
<createdBy>Owner</createdBy>
<createdTime>2018-09-09 13:54:13 UTC</createdTime>
<comment>Booking_Start_Date = Booking start date</comment>
<commentInRDBMS>Booking_Start_Date = Booking start date</commentInRDBMS>
<generatorID>AB8A6A29-9DEC-0AF4-5DDA-39D231EB4F42</generatorID>
<ownerDesignName>MC_logical_model</ownerDesignName>
<useDomainConstraints>false</useDomainConstraints>
<use>1</use>
<logicalDatatype>LOGDT007</logicalDatatype>
<ownDataTypeParameters>,,</ownDataTypeParameters>
<previousColumn>false</previousColumn>
<autoIncrementCycle>false</autoIncrementCycle>
<associations>
<colAssociation fkAssociation="C9CE20C6-BCCF-180E-D716-6242DE3605FC" referredColumn="FABB69B3-9DBC-10B3-0384-A3ABC73E66DD"/>
</associations>
</Column>
<Column name="Cabin_No" id="FBA6D7A7-BE29-6D7C-A39E-07A5968F1466">
<createdBy>Owner</createdBy>
<createdTime>2018-09-09 13:54:13 UTC</createdTime>
<comment>Cabin_No = Cabin number</comment>
<commentInRDBMS>Cabin_No = Cabin number</commentInRDBMS>
<generatorID>C6110B9C-FF8E-D7C7-447F-3E43F47325D9</generatorID>
<ownerDesignName>MC_logical_model</ownerDesignName>
<useDomainConstraints>false</useDomainConstraints>
<use>1</use>
<logicalDatatype>LOGDT019</logicalDatatype>
<dataTypePrecision>3</dataTypePrecision>
<ownDataTypeParameters>,,</ownDataTypeParameters>
<previousColumn>false</previousColumn>
<autoIncrementCycle>false</autoIncrementCycle>
<associations>
<colAssociation fkAssociation="C9CE20C6-BCCF-180E-D716-6242DE3605FC" referredColumn="80E50502-AE40-5A18-24A1-87DBC09597B2"/>
</associations>
</Column>
<Column name="Resort_ID" id="267DE793-46F0-8A92-2C9C-10891E7EB032">
<createdBy>Owner</createdBy>
<createdTime>2018-09-09 13:54:13 UTC</createdTime>
<comment>Resort_ID = Resort ID</comment>
<commentInRDBMS>Resort_ID = Resort ID</commentInRDBMS>
<generatorID>3FCEAB03-B68E-5774-8EDD-F152221041EF</generatorID>
<ownerDesignName>MC_logical_model</ownerDesignName>
<useDomainConstraints>false</useDomainConstraints>
<use>1</use>
<logicalDatatype>LOGDT019</logicalDatatype>
<dataTypePrecision>5</dataTypePrecision>
<ownDataTypeParameters>,,</ownDataTypeParameters>
<previousColumn>false</previousColumn>
<autoIncrementCycle>false</autoIncrementCycle>
<associations>
<colAssociation fkAssociation="C9CE20C6-BCCF-180E-D716-6242DE3605FC" referredColumn="7224E109-A450-253F-8139-43D76FBB8FEA"/>
</associations>
</Column>
<Column name="Stay_Period" id="BCB65C7E-9330-1B2F-08E9-3DD6248D4934">
<createdBy>Owner</createdBy>
<createdTime>2018-09-09 13:54:13 UTC</createdTime>
<comment>Stay_Period = Stay period</comment>
<commentInRDBMS>Stay_Period = Stay period</commentInRDBMS>
<generatorID>3F42B59E-9AB5-C516-8780-01B6270A3A09</generatorID>
<ownerDesignName>MC_logical_model</ownerDesignName>
<nullsAllowed>true</nullsAllowed>
<useDomainConstraints>false</useDomainConstraints>
<use>1</use>
<logicalDatatype>LOGDT019</logicalDatatype>
<dataTypePrecision>2</dataTypePrecision>
<ownDataTypeParameters>,2,</ownDataTypeParameters>
<autoIncrementCycle>false</autoIncrementCycle>
</Column>
<Column name="Guest_No" id="9B2BD928-FE97-2ADF-4581-D6C67D6E3BA0">
<createdBy>Owner</createdBy>
<createdTime>2018-09-09 14:29:05 UTC</createdTime>
<comment>Guest_No = Guest number</comment>
<commentInRDBMS>Guest_No = Guest number</commentInRDBMS>
<generatorID>EE4F2386-CE2E-D0C4-F7A3-314941D60227</generatorID>
<ownerDesignName>MC_logical_model</ownerDesignName>
<useDomainConstraints>false</useDomainConstraints>
<use>1</use>
<logicalDatatype>LOGDT019</logicalDatatype>
<dataTypePrecision>6</dataTypePrecision>
<ownDataTypeParameters>,,</ownDataTypeParameters>
<previousColumn>false</previousColumn>
<autoIncrementCycle>false</autoIncrementCycle>
<associations>
<colAssociation fkAssociation="C9CE20C6-BCCF-180E-D716-6242DE3605FC" referredColumn="6F3FFCF2-103C-1AAE-5DF4-C37338C29272"/>
</associations>
</Column>
</columns>
<indexes itemClass="oracle.dbtools.crest.model.design.relational.Index">
<ind_PK_UK id="E0DEB367-B307-55C1-B3ED-DBBF9C3D3F87" name="Rates_PK">
<createdBy>Owner</createdBy>
<createdTime>2018-09-09 13:54:13 UTC</createdTime>
<generatorID>49EB8E25-6A28-B608-5487-422A03873A08</generatorID>
<ownerDesignName>MC_logical_model</ownerDesignName>
<pk>true</pk>
<indexState>Primary Constraint</indexState>
<isSurrogateKey>false</isSurrogateKey>
<indexColumnUsage>
<colUsage columnID="35CCE042-012E-E655-AAC0-4FE149FF5BA1"/>
<colUsage columnID="FBA6D7A7-BE29-6D7C-A39E-07A5968F1466"/>
<colUsage columnID="267DE793-46F0-8A92-2C9C-10891E7EB032"/>
<colUsage columnID="9B2BD928-FE97-2ADF-4581-D6C67D6E3BA0"/>
</indexColumnUsage>
</ind_PK_UK>
<ind_PK_UK id="B3C7952B-3BE1-E760-AD82-49D571F452B4" name="Booking_Rates">
<createdBy>Owner</createdBy>
<createdTime>2018-09-09 13:54:13 UTC</createdTime>
<generatorID>DB16BA43-62FC-9EDE-775B-B2318B9BDBBA</generatorID>
<ownerDesignName>MC_logical_model</ownerDesignName>
<indexState>Foreign Key</indexState>
<isSurrogateKey>false</isSurrogateKey>
<indexColumnUsage>
<colUsage columnID="35CCE042-012E-E655-AAC0-4FE149FF5BA1"/>
<colUsage columnID="FBA6D7A7-BE29-6D7C-A39E-07A5968F1466"/>
<colUsage columnID="267DE793-46F0-8A92-2C9C-10891E7EB032"/>
<colUsage columnID="9B2BD928-FE97-2ADF-4581-D6C67D6E3BA0"/>
</indexColumnUsage>
</ind_PK_UK>
</indexes>
</Table>