<?xml version = '1.0' encoding = 'UTF-8'?>
<Table class="oracle.dbtools.crest.model.design.relational.Table" directorySegmentName="seg_0" id="47350B10-90EF-5D5B-A341-9F6556D8C5F4" name="Review">
<createdBy>Owner</createdBy>
<createdTime>2018-09-09 13:54:13 UTC</createdTime>
<generatorID>6B214F86-107E-A2EF-4C72-577E26AC1A06</generatorID>
<ownerDesignName>MC_logical_model</ownerDesignName>
<allowColumnReorder>false</allowColumnReorder>
<existDependencyGenerateInDDl>true</existDependencyGenerateInDDl>
<parsed>true</parsed>
<columns itemClass="oracle.dbtools.crest.model.design.relational.Column">
<Column name="Review_Date" id="83CC5A74-26CE-3F48-008D-4573DF28F556">
<createdBy>Owner</createdBy>
<createdTime>2018-09-09 13:54:13 UTC</createdTime>
<comment>Review_Date = Review date</comment>
<commentInRDBMS>Review_Date = Review date</commentInRDBMS>
<generatorID>8F8D87DF-0BE2-51DC-2186-10A2828F4554</generatorID>
<ownerDesignName>MC_logical_model</ownerDesignName>
<useDomainConstraints>false</useDomainConstraints>
<use>1</use>
<logicalDatatype>LOGDT007</logicalDatatype>
<ownDataTypeParameters>,,</ownDataTypeParameters>
<autoIncrementCycle>false</autoIncrementCycle>
</Column>
<Column name="Guest_No" id="BEA187B9-1294-BEBD-9BBE-39EEC8075BA4">
<createdBy>Owner</createdBy>
<createdTime>2018-09-09 13:54:13 UTC</createdTime>
<comment>Guest_No = Guest number</comment>
<commentInRDBMS>Guest_No = Guest number</commentInRDBMS>
<generatorID>376D81E9-4927-1238-0048-D083A5168005</generatorID>
<ownerDesignName>MC_logical_model</ownerDesignName>
<useDomainConstraints>false</useDomainConstraints>
<use>1</use>
<logicalDatatype>LOGDT019</logicalDatatype>
<dataTypePrecision>6</dataTypePrecision>
<ownDataTypeParameters>,,</ownDataTypeParameters>
<previousColumn>false</previousColumn>
<autoIncrementCycle>false</autoIncrementCycle>
<associations>
<colAssociation fkAssociation="C8B5AA06-82D1-F6F8-CF48-B40025A26B00" referredColumn="0F573A44-435D-E5D3-9350-916007C62E18"/>
</associations>
</Column>
<Column name="Resort_ID" id="708A4FD3-A368-C157-57CD-F062470B0B35">
<createdBy>Owner</createdBy>
<createdTime>2018-09-09 13:54:13 UTC</createdTime>
<comment>Resort_ID = Resort ID</comment>
<commentInRDBMS>Resort_ID = Resort ID</commentInRDBMS>
<generatorID>B25868A9-E15C-AE1A-A2AE-AB3C5B633672</generatorID>
<ownerDesignName>MC_logical_model</ownerDesignName>
<useDomainConstraints>false</useDomainConstraints>
<use>1</use>
<logicalDatatype>LOGDT019</logicalDatatype>
<dataTypePrecision>5</dataTypePrecision>
<ownDataTypeParameters>,,</ownDataTypeParameters>
<previousColumn>false</previousColumn>
<autoIncrementCycle>false</autoIncrementCycle>
<associations>
<colAssociation fkAssociation="9A55769C-AD02-C2DF-F7FC-1A4C2D2B8551" referredColumn="0BED96C6-CA1D-CDB2-6EB8-108B1B2ABE49"/>
</associations>
</Column>
<Column name="Review_Rating" id="5205104F-3D19-D5CC-3913-0AEE054CA461">
<createdBy>Owner</createdBy>
<createdTime>2018-09-09 13:54:13 UTC</createdTime>
<comment>Review_Rating = Review rating</comment>
<commentInRDBMS>Review_Rating = Review rating</commentInRDBMS>
<generatorID>60DD91D8-FB6F-A0A7-3B59-4F62837DFE1A</generatorID>
<ownerDesignName>MC_logical_model</ownerDesignName>
<nullsAllowed>true</nullsAllowed>
<useDomainConstraints>false</useDomainConstraints>
<use>1</use>
<logicalDatatype>LOGDT019</logicalDatatype>
<dataTypePrecision>1</dataTypePrecision>
<ownDataTypeParameters>,1,</ownDataTypeParameters>
<autoIncrementCycle>false</autoIncrementCycle>
</Column>
</columns>
<indexes itemClass="oracle.dbtools.crest.model.design.relational.Index">
<ind_PK_UK id="25AA3BE4-4BC6-E49A-3D6E-36456704C1F4" name="Review_PK">
<createdBy>Owner</createdBy>
<createdTime>2018-09-09 13:54:13 UTC</createdTime>
<generatorID>5564E69D-BCBD-B966-B4D2-1577331667DC</generatorID>
<ownerDesignName>MC_logical_model</ownerDesignName>
<pk>true</pk>
<indexState>Primary Constraint</indexState>
<isSurrogateKey>false</isSurrogateKey>
<indexColumnUsage>
<colUsage columnID="83CC5A74-26CE-3F48-008D-4573DF28F556"/>
<colUsage columnID="708A4FD3-A368-C157-57CD-F062470B0B35"/>
<colUsage columnID="BEA187B9-1294-BEBD-9BBE-39EEC8075BA4"/>
</indexColumnUsage>
</ind_PK_UK>
<ind_PK_UK id="D5735746-CCA1-3134-2488-BB93CC299F70" name="Guest_Review">
<createdBy>Owner</createdBy>
<createdTime>2018-09-09 13:54:13 UTC</createdTime>
<generatorID>FE19F55C-D334-540B-F7E6-C40E4D9B30D8</generatorID>
<ownerDesignName>MC_logical_model</ownerDesignName>
<indexState>Foreign Key</indexState>
<isSurrogateKey>false</isSurrogateKey>
<indexColumnUsage>
<colUsage columnID="BEA187B9-1294-BEBD-9BBE-39EEC8075BA4"/>
</indexColumnUsage>
</ind_PK_UK>
<ind_PK_UK id="62D1A13C-B04C-BE75-F93C-40095D16BE13" name="Resort_Review">
<createdBy>Owner</createdBy>
<createdTime>2018-09-09 13:54:13 UTC</createdTime>
<generatorID>C273B04E-9AF4-0B88-DBE0-F65577C150F9</generatorID>
<ownerDesignName>MC_logical_model</ownerDesignName>
<indexState>Foreign Key</indexState>
<isSurrogateKey>false</isSurrogateKey>
<indexColumnUsage>
<colUsage columnID="708A4FD3-A368-C157-57CD-F062470B0B35"/>
</indexColumnUsage>
</ind_PK_UK>
</indexes>
</Table>