<?xml version = '1.0' encoding = 'UTF-8'?>
<Table class="oracle.dbtools.crest.model.design.relational.Table" directorySegmentName="seg_0" id="5B4BCE9A-B9D4-897D-CF91-53C9A9D498E4" name="Cleaner">
<createdBy>Owner</createdBy>
<createdTime>2018-09-09 13:54:13 UTC</createdTime>
<generatorID>F1B76FE8-A395-613D-046D-4B7FE7CD4F46</generatorID>
<ownerDesignName>MC_logical_model</ownerDesignName>
<allowColumnReorder>false</allowColumnReorder>
<existDependencyGenerateInDDl>true</existDependencyGenerateInDDl>
<parsed>true</parsed>
<columns itemClass="oracle.dbtools.crest.model.design.relational.Column">
<Column name="Contractor_No" id="77E3B6F6-DFD3-AD84-736C-C6264FD8FF62">
<createdBy>Owner</createdBy>
<createdTime>2018-09-09 13:54:13 UTC</createdTime>
<comment>Contractor_No = Contractor number</comment>
<generatorID>809EB007-6B89-CAAC-37B7-9F5524F7DD2B</generatorID>
<ownerDesignName>MC_logical_model</ownerDesignName>
<useDomainConstraints>false</useDomainConstraints>
<use>1</use>
<logicalDatatype>LOGDT019</logicalDatatype>
<dataTypePrecision>3</dataTypePrecision>
<ownDataTypeParameters>,3,</ownDataTypeParameters>
<autoIncrementColumn>true</autoIncrementColumn>
<autoIncrementStartWith>2000</autoIncrementStartWith>
<autoIncrementMinValue>2000</autoIncrementMinValue>
<autoIncrementCycle>false</autoIncrementCycle>
</Column>
<Column name="Contractor_Fname" id="7AF134EA-BBA5-4C5B-EA32-DA56CBFD9A62">
<createdBy>Owner</createdBy>
<createdTime>2018-09-09 13:54:13 UTC</createdTime>
<comment>Contractor_Fname = Contractor first name</comment>
<commentInRDBMS>Contractor_Fname = Contractor first name</commentInRDBMS>
<generatorID>7661CAE8-36A6-0389-0F44-1203EC341CF3</generatorID>
<ownerDesignName>MC_logical_model</ownerDesignName>
<nullsAllowed>true</nullsAllowed>
<useDomainConstraints>false</useDomainConstraints>
<use>1</use>
<logicalDatatype>LOGDT024</logicalDatatype>
<dataTypeSize>50</dataTypeSize>
<ownDataTypeParameters>50,,</ownDataTypeParameters>
<autoIncrementCycle>false</autoIncrementCycle>
</Column>
<Column name="Contractor_Lname" id="95E05FBA-0345-C0D9-44FD-B948C1C4F064">
<createdBy>Owner</createdBy>
<createdTime>2018-09-09 13:54:13 UTC</createdTime>
<comment>Contractor_Lname = Contractor last name</comment>
<commentInRDBMS>Contractor_Lname = Contractor last name</commentInRDBMS>
<generatorID>25A0F85B-7EDC-D788-5CB1-2B5D329A0344</generatorID>
<ownerDesignName>MC_logical_model</ownerDesignName>
<nullsAllowed>true</nullsAllowed>
<useDomainConstraints>false</useDomainConstraints>
<use>1</use>
<logicalDatatype>LOGDT024</logicalDatatype>
<dataTypeSize>50</dataTypeSize>
<ownDataTypeParameters>50,,</ownDataTypeParameters>
<autoIncrementCycle>false</autoIncrementCycle>
</Column>
<Column name="Contractor_Rate" id="1CCAF726-6D98-71EB-B6BF-A05C19542922">
<createdBy>Owner</createdBy>
<createdTime>2018-09-09 13:54:13 UTC</createdTime>
<comment>Contractor_Rate = Contractor hourly rate</comment>
<commentInRDBMS>Contractor_Rate = Contractor hourly rate</commentInRDBMS>
<generatorID>F5BCAFCA-DE1B-7C19-1937-7837997FDA17</generatorID>
<ownerDesignName>MC_logical_model</ownerDesignName>
<nullsAllowed>true</nullsAllowed>
<useDomainConstraints>false</useDomainConstraints>
<use>1</use>
<logicalDatatype>LOGDT019</logicalDatatype>
<dataTypePrecision>3</dataTypePrecision>
<ownDataTypeParameters>,3,</ownDataTypeParameters>
<autoIncrementCycle>false</autoIncrementCycle>
</Column>
<Column name="Contractor_Phone" id="165D33B5-4683-DD0F-D624-ED75CF1E741C">
<createdBy>Owner</createdBy>
<createdTime>2018-09-09 13:54:13 UTC</createdTime>
<comment>Contractor_Phone = Contractor phone number</comment>
<commentInRDBMS>Contractor_Phone = Contractor phone number</commentInRDBMS>
<generatorID>0A538C8E-4331-97F6-23D9-E60EE1D73E95</generatorID>
<ownerDesignName>MC_logical_model</ownerDesignName>
<nullsAllowed>true</nullsAllowed>
<useDomainConstraints>false</useDomainConstraints>
<use>1</use>
<logicalDatatype>LOGDT019</logicalDatatype>
<dataTypePrecision>10</dataTypePrecision>
<ownDataTypeParameters>,10,</ownDataTypeParameters>
<autoIncrementCycle>false</autoIncrementCycle>
</Column>
<Column name="Contractor_Address" id="DD076269-2DAE-1702-3DB8-D2CE326B784C">
<createdBy>Owner</createdBy>
<createdTime>2018-09-11 03:32:26 UTC</createdTime>
<comment>Contractor_Address = contractor address</comment>
<commentInRDBMS>Contractor_Address = contractor address</commentInRDBMS>
<generatorID>47F6FA4A-CF73-C567-AFAD-E147098DE695</generatorID>
<ownerDesignName>MC_logical_model</ownerDesignName>
<nullsAllowed>true</nullsAllowed>
<useDomainConstraints>false</useDomainConstraints>
<use>1</use>
<logicalDatatype>LOGDT024</logicalDatatype>
<dataTypeSize>1000</dataTypeSize>
<ownDataTypeParameters>1000,,</ownDataTypeParameters>
<autoIncrementCycle>false</autoIncrementCycle>
</Column>
</columns>
<indexes itemClass="oracle.dbtools.crest.model.design.relational.Index">
<ind_PK_UK id="F841EF23-B168-9ADB-213E-74FDB599D1DF" name="Cleaner_PK">
<createdBy>Owner</createdBy>
<createdTime>2018-09-09 13:54:13 UTC</createdTime>
<generatorID>14A21F0D-F17F-A4EB-8C8D-F33D760C6E33</generatorID>
<ownerDesignName>MC_logical_model</ownerDesignName>
<pk>true</pk>
<indexState>Primary Constraint</indexState>
<isSurrogateKey>false</isSurrogateKey>
<indexColumnUsage>
<colUsage columnID="77E3B6F6-DFD3-AD84-736C-C6264FD8FF62"/>
</indexColumnUsage>
</ind_PK_UK>
</indexes>
</Table>