<?xml version = '1.0' encoding = 'UTF-8'?>
<Table class="oracle.dbtools.crest.model.design.relational.Table" directorySegmentName="seg_0" id="5D1DD5CE-006D-B4DF-89DE-ABF0C6E2D8DD" name="Resort">
<createdBy>Owner</createdBy>
<createdTime>2018-09-09 06:33:28 UTC</createdTime>
<generatorID>2B104D34-2550-C78C-A4A4-CA84839892C5</generatorID>
<ownerDesignName>MC_logical_model</ownerDesignName>
<allowColumnReorder>false</allowColumnReorder>
<existDependencyGenerateInDDl>true</existDependencyGenerateInDDl>
<parsed>true</parsed>
<columns itemClass="oracle.dbtools.crest.model.design.relational.Column">
<Column name="Town_Longitude" id="4E8A0B36-069F-35CD-045D-FD38F94C3919">
<createdBy>Owner</createdBy>
<createdTime>2018-09-09 06:33:28 UTC</createdTime>
<comment>Town_Longitude = Longitude</comment>
<commentInRDBMS>Town_Longitude = Town longitude</commentInRDBMS>
<generatorID>47D2882A-7144-25EF-1CEF-8053EBF4F3A1</generatorID>
<ownerDesignName>MC_logical_model</ownerDesignName>
<useDomainConstraints>false</useDomainConstraints>
<use>1</use>
<logicalDatatype>LOGDT019</logicalDatatype>
<dataTypePrecision>6</dataTypePrecision>
<dataTypeScale>2</dataTypeScale>
<ownDataTypeParameters>,,</ownDataTypeParameters>
<previousColumn>false</previousColumn>
<autoIncrementCycle>false</autoIncrementCycle>
<associations>
<colAssociation fkAssociation="CFC4EA76-D158-4771-B12D-6D8398990D5D" referredColumn="942D0B2B-FBA3-A5C9-F046-B54CF2A3E3EE"/>
</associations>
</Column>
<Column name="Town_Latitude" id="05A52B24-83D4-C0D6-8AE1-83677A8DB693">
<createdBy>Owner</createdBy>
<createdTime>2018-09-09 06:33:28 UTC</createdTime>
<comment>Town_Latitude= Latitude</comment>
<commentInRDBMS>Town_Latitude= Town latitude</commentInRDBMS>
<generatorID>FD0CD493-2F65-990F-49AE-A198CEEA9322</generatorID>
<ownerDesignName>MC_logical_model</ownerDesignName>
<useDomainConstraints>false</useDomainConstraints>
<use>1</use>
<logicalDatatype>LOGDT019</logicalDatatype>
<dataTypePrecision>6</dataTypePrecision>
<dataTypeScale>2</dataTypeScale>
<ownDataTypeParameters>,,</ownDataTypeParameters>
<previousColumn>false</previousColumn>
<autoIncrementCycle>false</autoIncrementCycle>
<associations>
<colAssociation fkAssociation="CFC4EA76-D158-4771-B12D-6D8398990D5D" referredColumn="0AD44A80-4F7E-0BFF-8C5C-B8AF93E6A618"/>
</associations>
</Column>
<Column name="Resort_ID" id="0BED96C6-CA1D-CDB2-6EB8-108B1B2ABE49">
<createdBy>Owner</createdBy>
<createdTime>2018-09-09 06:33:28 UTC</createdTime>
<comment>Resort_ID = Resort ID</comment>
<commentInRDBMS>Resort_ID = Resort ID</commentInRDBMS>
<generatorID>9C68F82F-D485-5717-4A87-A4824BB62D91</generatorID>
<ownerDesignName>MC_logical_model</ownerDesignName>
<useDomainConstraints>false</useDomainConstraints>
<use>1</use>
<logicalDatatype>LOGDT019</logicalDatatype>
<dataTypePrecision>5</dataTypePrecision>
<ownDataTypeParameters>,5,</ownDataTypeParameters>
<autoIncrementColumn>true</autoIncrementColumn>
<autoIncrementStartWith>10000</autoIncrementStartWith>
<autoIncrementMinValue>10000</autoIncrementMinValue>
<autoIncrementCycle>false</autoIncrementCycle>
</Column>
<Column name="Resort_Name" id="F209C643-A1E1-F6AA-A240-B4B9640384F4">
<createdBy>Owner</createdBy>
<createdTime>2018-09-09 13:54:13 UTC</createdTime>
<comment>Resort_Name = Resort name</comment>
<commentInRDBMS>Resort_Name = Resort name</commentInRDBMS>
<generatorID>216FA99B-792B-049B-73BA-6EA26BFCD5D2</generatorID>
<ownerDesignName>MC_logical_model</ownerDesignName>
<useDomainConstraints>false</useDomainConstraints>
<use>1</use>
<logicalDatatype>LOGDT024</logicalDatatype>
<dataTypeSize>50</dataTypeSize>
<ownDataTypeParameters>50,,</ownDataTypeParameters>
<autoIncrementCycle>false</autoIncrementCycle>
</Column>
<Column name="Resort_Address" id="C3B0A11E-E03F-D3E4-F681-0A625F7D69EA">
<createdBy>Owner</createdBy>
<createdTime>2018-09-09 13:54:13 UTC</createdTime>
<commentInRDBMS>Resort_Address = resort address</commentInRDBMS>
<generatorID>A81E88C4-4AB0-1DA9-4AF6-67DC64220032</generatorID>
<ownerDesignName>MC_logical_model</ownerDesignName>
<useDomainConstraints>false</useDomainConstraints>
<use>1</use>
<logicalDatatype>LOGDT024</logicalDatatype>
<dataTypeSize>100</dataTypeSize>
<ownDataTypeParameters>100,,</ownDataTypeParameters>
<autoIncrementCycle>false</autoIncrementCycle>
</Column>
<Column name="Star_Rating" id="2428324E-00E8-1A1E-DA4A-9072DA3704D9">
<createdBy>Owner</createdBy>
<createdTime>2018-09-09 13:54:13 UTC</createdTime>
<comment>Star_Rating = Resort rating</comment>
<commentInRDBMS>Star_Rating = Resort rating</commentInRDBMS>
<generatorID>E32CAC77-9BA5-1223-40C4-A7585D372195</generatorID>
<ownerDesignName>MC_logical_model</ownerDesignName>
<constraintComment>Star_Rating can only have values from 1 to 5</constraintComment>
<constraintNotes>Star_Rating can only have values from 1 to 5</constraintNotes>
<useDomainConstraints>false</useDomainConstraints>
<use>1</use>
<logicalDatatype>LOGDT019</logicalDatatype>
<dataTypePrecision>2</dataTypePrecision>
<dataTypeScale>1</dataTypeScale>
<ownDataTypeParameters>,2,1</ownDataTypeParameters>
<autoIncrementCycle>false</autoIncrementCycle>
</Column>
<Column name="Pets_Allowed" id="AFC2B5A2-D882-3636-BC1D-5D4A73C663D6">
<createdBy>Owner</createdBy>
<createdTime>2018-09-09 13:54:13 UTC</createdTime>
<comment>Pets_Allowed = pets allowance</comment>
<commentInRDBMS>Pets_Allowed = pets allowance</commentInRDBMS>
<generatorID>A2C21F07-0557-876E-9C14-E3C5E0E7C84E</generatorID>
<ownerDesignName>MC_logical_model</ownerDesignName>
<constraintComment>Allowance is showed as Y,N</constraintComment>
<constraintNotes>Allowance is showed as Y,N </constraintNotes>
<useDomainConstraints>false</useDomainConstraints>
<use>1</use>
<logicalDatatype>LOGDT025</logicalDatatype>
<dataTypeSize>1</dataTypeSize>
<ownDataTypeParameters>1,,</ownDataTypeParameters>
<defaultOntNull>true</defaultOntNull>
<autoIncrementCycle>false</autoIncrementCycle>
</Column>
<Column name="Manager_ID" id="F81F9DC0-7412-A028-9D76-1473A15CAB48">
<createdBy>Owner</createdBy>
<createdTime>2018-09-09 13:54:13 UTC</createdTime>
<generatorID>26104728-CCF8-1DBC-195C-B0647AB4E9BA</generatorID>
<ownerDesignName>MC_logical_model</ownerDesignName>
<useDomainConstraints>false</useDomainConstraints>
<use>1</use>
<logicalDatatype>LOGDT019</logicalDatatype>
<dataTypePrecision>4</dataTypePrecision>
<ownDataTypeParameters>,,</ownDataTypeParameters>
<previousColumn>false</previousColumn>
<autoIncrementCycle>false</autoIncrementCycle>
<associations>
<colAssociation fkAssociation="FC86DB37-C6FB-CA19-45B6-40012B6BC676" referredColumn="74C697C9-E6B9-F926-4F08-F98CF6F66A4C"/>
</associations>
</Column>
</columns>
<indexes itemClass="oracle.dbtools.crest.model.design.relational.Index">
<ind_PK_UK id="6CDD8833-AB14-4066-8413-6932EC57FB53" name="Resort_PK">
<createdBy>Owner</createdBy>
<createdTime>2018-09-09 06:33:28 UTC</createdTime>
<generatorID>4B06A644-4287-8D47-596A-19F50CF08378</generatorID>
<ownerDesignName>MC_logical_model</ownerDesignName>
<pk>true</pk>
<indexState>Primary Constraint</indexState>
<isSurrogateKey>false</isSurrogateKey>
<indexColumnUsage>
<colUsage columnID="0BED96C6-CA1D-CDB2-6EB8-108B1B2ABE49"/>
</indexColumnUsage>
</ind_PK_UK>
<ind_PK_UK id="59295DBC-4589-77E4-F838-12507D983F4C" name="Town_Resort">
<createdBy>Owner</createdBy>
<createdTime>2018-09-09 06:33:28 UTC</createdTime>
<generatorID>0C303A6D-4DFB-6624-E98E-2CE906FA7418</generatorID>
<ownerDesignName>MC_logical_model</ownerDesignName>
<indexState>Foreign Key</indexState>
<isSurrogateKey>false</isSurrogateKey>
<indexColumnUsage>
<colUsage columnID="4E8A0B36-069F-35CD-045D-FD38F94C3919"/>
<colUsage columnID="05A52B24-83D4-C0D6-8AE1-83677A8DB693"/>
</indexColumnUsage>
</ind_PK_UK>
<ind_PK_UK id="68750EEC-D9DB-9C40-E8DD-15E63715B7C4" name="Manager_Resort">
<createdBy>Owner</createdBy>
<createdTime>2018-09-09 13:54:13 UTC</createdTime>
<generatorID>4A9F4369-5C3B-ADE7-B9B7-276DB97A92FF</generatorID>
<ownerDesignName>MC_logical_model</ownerDesignName>
<indexState>Foreign Key</indexState>
<isSurrogateKey>false</isSurrogateKey>
<indexColumnUsage>
<colUsage columnID="F81F9DC0-7412-A028-9D76-1473A15CAB48"/>
</indexColumnUsage>
</ind_PK_UK>
</indexes>
</Table>