<?xml version = '1.0' encoding = 'UTF-8'?>
<Table class="oracle.dbtools.crest.model.design.relational.Table" directorySegmentName="seg_0" id="5F51C028-9097-5FB1-3454-3CFD2DE97AE8" name="Cabin">
<createdBy>Owner</createdBy>
<createdTime>2018-09-09 13:54:13 UTC</createdTime>
<generatorID>96C33F54-2625-216D-A688-4AC7E0D0948E</generatorID>
<ownerDesignName>MC_logical_model</ownerDesignName>
<allowColumnReorder>false</allowColumnReorder>
<existDependencyGenerateInDDl>true</existDependencyGenerateInDDl>
<parsed>true</parsed>
<columns itemClass="oracle.dbtools.crest.model.design.relational.Column">
<Column name="Cabin_No" id="8D35FE78-21D9-A4FD-9481-3D1D54E1EA71">
<createdBy>Owner</createdBy>
<createdTime>2018-09-09 13:54:13 UTC</createdTime>
<comment>Cabin_No = Cabin number</comment>
<commentInRDBMS>Cabin_No = Cabin number</commentInRDBMS>
<generatorID>C30B7466-4BDB-F6E1-FEF7-FAD0846D516E</generatorID>
<ownerDesignName>MC_logical_model</ownerDesignName>
<useDomainConstraints>false</useDomainConstraints>
<use>1</use>
<logicalDatatype>LOGDT019</logicalDatatype>
<dataTypePrecision>3</dataTypePrecision>
<ownDataTypeParameters>,3,</ownDataTypeParameters>
<autoIncrementColumn>true</autoIncrementColumn>
<identityColumn>true</identityColumn>
<autoIncrementMinValue>1</autoIncrementMinValue>
<autoIncrementCycle>false</autoIncrementCycle>
</Column>
<Column name="Cabin_Bedroom" id="F249CBFB-5081-8BF8-906B-6BF8EE4C411A">
<createdBy>Owner</createdBy>
<createdTime>2018-09-09 13:54:13 UTC</createdTime>
<comment>Cabin_Bedroom = Number of bedrooms</comment>
<commentInRDBMS>Cabin_Bedroom = Number of bedrooms</commentInRDBMS>
<generatorID>A1818C83-203D-7810-C247-ECF2906BC635</generatorID>
<ownerDesignName>MC_logical_model</ownerDesignName>
<useDomainConstraints>false</useDomainConstraints>
<use>1</use>
<logicalDatatype>LOGDT019</logicalDatatype>
<dataTypePrecision>2</dataTypePrecision>
<ownDataTypeParameters>,2,</ownDataTypeParameters>
<autoIncrementCycle>false</autoIncrementCycle>
</Column>
<Column name="Cabin_Sleep_Capacity" id="80DFF361-8DA7-2A29-432B-101632ABE75C">
<createdBy>Owner</createdBy>
<createdTime>2018-09-09 13:54:13 UTC</createdTime>
<comment>Cabin_Sleep_Capacity = Number of people who can sleep</comment>
<commentInRDBMS>Cabin_Sleep_Capacity = Number of people who can sleep</commentInRDBMS>
<generatorID>49596DC2-41E5-95DB-FB5C-9A84BC661542</generatorID>
<ownerDesignName>MC_logical_model</ownerDesignName>
<useDomainConstraints>false</useDomainConstraints>
<use>1</use>
<logicalDatatype>LOGDT019</logicalDatatype>
<dataTypePrecision>2</dataTypePrecision>
<ownDataTypeParameters>,2,</ownDataTypeParameters>
<autoIncrementCycle>false</autoIncrementCycle>
</Column>
<Column name="Cabin_Desc" id="4FDF8584-49BE-62F0-5D07-D538722325D2">
<createdBy>Owner</createdBy>
<createdTime>2018-09-09 13:54:13 UTC</createdTime>
<comment>Cabin_Desc = Cabin description</comment>
<commentInRDBMS>Cabin_Desc = Cabin description</commentInRDBMS>
<generatorID>9541149D-43BF-7518-912F-63F0ACE38028</generatorID>
<ownerDesignName>MC_logical_model</ownerDesignName>
<useDomainConstraints>false</useDomainConstraints>
<use>1</use>
<logicalDatatype>LOGDT024</logicalDatatype>
<dataTypeSize>300</dataTypeSize>
<ownDataTypeParameters>300,,</ownDataTypeParameters>
<autoIncrementCycle>false</autoIncrementCycle>
</Column>
<Column name="Cabin_Stdcleantime" id="EAD3AA97-7A3A-14CB-6480-DD904F291685">
<createdBy>Owner</createdBy>
<createdTime>2018-09-09 13:54:13 UTC</createdTime>
<comment>Cabin_Stdcleantime = Cabin standard cleaning time</comment>
<commentInRDBMS>Cabin_Stdcleantime = Cabin standard cleaning time</commentInRDBMS>
<generatorID>A208811C-69A4-4698-AE19-69074AD20CF7</generatorID>
<ownerDesignName>MC_logical_model</ownerDesignName>
<useDomainConstraints>false</useDomainConstraints>
<use>1</use>
<logicalDatatype>LOGDT019</logicalDatatype>
<dataTypePrecision>2</dataTypePrecision>
<ownDataTypeParameters>,2,</ownDataTypeParameters>
<autoIncrementCycle>false</autoIncrementCycle>
</Column>
<Column name="Resort_ID" id="648B0874-8008-F89F-2352-21F4697EA84A">
<createdBy>Owner</createdBy>
<createdTime>2018-09-09 13:54:13 UTC</createdTime>
<comment>Resort_ID = Resort ID</comment>
<commentInRDBMS>Resort_ID = Resort ID</commentInRDBMS>
<generatorID>69286330-5A4B-9C3C-2DF3-AD7960AB5951</generatorID>
<ownerDesignName>MC_logical_model</ownerDesignName>
<useDomainConstraints>false</useDomainConstraints>
<use>1</use>
<logicalDatatype>LOGDT019</logicalDatatype>
<dataTypePrecision>5</dataTypePrecision>
<ownDataTypeParameters>,,</ownDataTypeParameters>
<previousColumn>false</previousColumn>
<autoIncrementCycle>false</autoIncrementCycle>
<associations>
<colAssociation fkAssociation="E02ECFBA-5D8D-41FC-D796-01D2CBE21D85" referredColumn="0BED96C6-CA1D-CDB2-6EB8-108B1B2ABE49"/>
</associations>
</Column>
<Column name="Cabin_Type" id="D122C52B-13DD-2307-CC84-53B26A64FC29">
<createdBy>Owner</createdBy>
<createdTime>2018-09-11 03:48:05 UTC</createdTime>
<comment>Cabin_Type = Cabin type</comment>
<commentInRDBMS>Cabin_Type = Cabin type</commentInRDBMS>
<generatorID>6913C297-E32C-3E81-8347-1193AC0789F2</generatorID>
<ownerDesignName>MC_logical_model</ownerDesignName>
<nullsAllowed>true</nullsAllowed>
<useDomainConstraints>false</useDomainConstraints>
<use>1</use>
<logicalDatatype>LOGDT024</logicalDatatype>
<dataTypeSize>10</dataTypeSize>
<ownDataTypeParameters>10,,</ownDataTypeParameters>
<autoIncrementCycle>false</autoIncrementCycle>
</Column>
</columns>
<indexes itemClass="oracle.dbtools.crest.model.design.relational.Index">
<ind_PK_UK id="0EA31D36-B449-9A99-F2A0-8C37BE169542" name="Cabin_PK">
<createdBy>Owner</createdBy>
<createdTime>2018-09-09 13:54:13 UTC</createdTime>
<generatorID>4EA79088-D193-3A7F-13A4-C4C423271199</generatorID>
<ownerDesignName>MC_logical_model</ownerDesignName>
<pk>true</pk>
<indexState>Primary Constraint</indexState>
<isSurrogateKey>false</isSurrogateKey>
<indexColumnUsage>
<colUsage columnID="8D35FE78-21D9-A4FD-9481-3D1D54E1EA71"/>
<colUsage columnID="648B0874-8008-F89F-2352-21F4697EA84A"/>
</indexColumnUsage>
</ind_PK_UK>
<ind_PK_UK id="68393FFA-72D7-0701-C279-3645F2B2D0BB" name="Resort_Cabin">
<createdBy>Owner</createdBy>
<createdTime>2018-09-09 13:54:13 UTC</createdTime>
<generatorID>E4444B75-301D-23EC-2A1D-6A30A37DE334</generatorID>
<ownerDesignName>MC_logical_model</ownerDesignName>
<indexState>Foreign Key</indexState>
<isSurrogateKey>false</isSurrogateKey>
<indexColumnUsage>
<colUsage columnID="648B0874-8008-F89F-2352-21F4697EA84A"/>
</indexColumnUsage>
</ind_PK_UK>
</indexes>
</Table>