<?xml version = '1.0' encoding = 'UTF-8'?>
<Table class="oracle.dbtools.crest.model.design.relational.Table" directorySegmentName="seg_0" id="96D44928-E9B0-F35D-6564-E47FACAEE5A1" name="Guest">
<createdBy>Owner</createdBy>
<createdTime>2018-09-09 13:54:13 UTC</createdTime>
<generatorID>F1ECA954-1B00-8CA0-01CE-7902A80C585C</generatorID>
<ownerDesignName>MC_logical_model</ownerDesignName>
<allowColumnReorder>false</allowColumnReorder>
<existDependencyGenerateInDDl>true</existDependencyGenerateInDDl>
<parsed>true</parsed>
<columns itemClass="oracle.dbtools.crest.model.design.relational.Column">
<Column name="Guest_No" id="0F573A44-435D-E5D3-9350-916007C62E18">
<createdBy>Owner</createdBy>
<createdTime>2018-09-09 13:54:13 UTC</createdTime>
<comment>Guest_No = Guest number</comment>
<commentInRDBMS>Guest_No = Guest number</commentInRDBMS>
<generatorID>2F290136-0F4A-B990-93A6-C807D0D10AE6</generatorID>
<ownerDesignName>MC_logical_model</ownerDesignName>
<useDomainConstraints>false</useDomainConstraints>
<use>1</use>
<logicalDatatype>LOGDT019</logicalDatatype>
<dataTypePrecision>6</dataTypePrecision>
<ownDataTypeParameters>,6,</ownDataTypeParameters>
<autoIncrementColumn>true</autoIncrementColumn>
<autoIncrementStartWith>400000</autoIncrementStartWith>
<autoIncrementMinValue>400000</autoIncrementMinValue>
<autoIncrementCycle>false</autoIncrementCycle>
</Column>
<Column name="Guest_Name" id="7A5450C6-8C36-A543-DFAE-F14AC3786C0E">
<createdBy>Owner</createdBy>
<createdTime>2018-09-09 13:54:13 UTC</createdTime>
<comment>Guest_Name = Guest name</comment>
<commentInRDBMS>Guest_Name = Guest name</commentInRDBMS>
<generatorID>DF6758B7-169D-7B25-5CF7-54241C415D41</generatorID>
<ownerDesignName>MC_logical_model</ownerDesignName>
<useDomainConstraints>false</useDomainConstraints>
<use>1</use>
<logicalDatatype>LOGDT024</logicalDatatype>
<dataTypeSize>50</dataTypeSize>
<ownDataTypeParameters>50,,</ownDataTypeParameters>
<autoIncrementCycle>false</autoIncrementCycle>
</Column>
<Column name="Guest_Address" id="90BD3536-CB49-66C9-D0CD-CBBD7342A9F1">
<createdBy>Owner</createdBy>
<createdTime>2018-09-09 13:54:13 UTC</createdTime>
<comment>Guest_Address = Guest Address</comment>
<commentInRDBMS>Guest_Address = Guest Address</commentInRDBMS>
<generatorID>86D00152-D7B6-0AE2-ED85-B23168E81E7D</generatorID>
<ownerDesignName>MC_logical_model</ownerDesignName>
<useDomainConstraints>false</useDomainConstraints>
<use>1</use>
<logicalDatatype>LOGDT024</logicalDatatype>
<dataTypeSize>150</dataTypeSize>
<ownDataTypeParameters>150,,</ownDataTypeParameters>
<autoIncrementCycle>false</autoIncrementCycle>
</Column>
<Column name="Guest_Country" id="38CF5448-A106-968C-2BE9-4951CCC1B1A8">
<createdBy>Owner</createdBy>
<createdTime>2018-09-09 13:54:13 UTC</createdTime>
<comment>Guest_Country = guest country</comment>
<commentInRDBMS>Guest_Country = guest country</commentInRDBMS>
<generatorID>76C02942-25C9-E3CF-9391-347C2D7A3EFA</generatorID>
<ownerDesignName>MC_logical_model</ownerDesignName>
<useDomainConstraints>false</useDomainConstraints>
<use>1</use>
<logicalDatatype>LOGDT024</logicalDatatype>
<dataTypeSize>50</dataTypeSize>
<ownDataTypeParameters>50,,</ownDataTypeParameters>
<autoIncrementCycle>false</autoIncrementCycle>
</Column>
<Column name="Guest_Email" id="6B781BB3-F433-4F37-341A-D267878B7E62">
<createdBy>Owner</createdBy>
<createdTime>2018-09-09 13:54:13 UTC</createdTime>
<comment>Guest_Email = Guest email</comment>
<commentInRDBMS>Guest_Email = Guest email</commentInRDBMS>
<generatorID>8B5E2F03-1FCB-8085-A00C-CB5AB120BC37</generatorID>
<ownerDesignName>MC_logical_model</ownerDesignName>
<useDomainConstraints>false</useDomainConstraints>
<use>1</use>
<logicalDatatype>LOGDT024</logicalDatatype>
<dataTypeSize>50</dataTypeSize>
<ownDataTypeParameters>50,,</ownDataTypeParameters>
<autoIncrementCycle>false</autoIncrementCycle>
</Column>
<Column name="Guest_Phone" id="562A0859-8576-394A-956D-F84E98FABE9B">
<createdBy>Owner</createdBy>
<createdTime>2018-09-09 13:54:13 UTC</createdTime>
<comment>Guest_Phone = Guest phone number</comment>
<commentInRDBMS>Guest_Phone = Guest phone number</commentInRDBMS>
<generatorID>B35C6487-5887-34C4-D686-6FA84C01587F</generatorID>
<ownerDesignName>MC_logical_model</ownerDesignName>
<useDomainConstraints>false</useDomainConstraints>
<use>1</use>
<logicalDatatype>LOGDT019</logicalDatatype>
<dataTypePrecision>10</dataTypePrecision>
<ownDataTypeParameters>,10,</ownDataTypeParameters>
<autoIncrementCycle>false</autoIncrementCycle>
</Column>
</columns>
<indexes itemClass="oracle.dbtools.crest.model.design.relational.Index">
<ind_PK_UK id="B8BDD539-C925-0FA4-87C5-FCBE0201379D" name="Guest_PK">
<createdBy>Owner</createdBy>
<createdTime>2018-09-09 13:54:13 UTC</createdTime>
<generatorID>9F274B0C-19ED-7B9B-0929-0275D2D8B436</generatorID>
<ownerDesignName>MC_logical_model</ownerDesignName>
<pk>true</pk>
<indexState>Primary Constraint</indexState>
<isSurrogateKey>false</isSurrogateKey>
<indexColumnUsage>
<colUsage columnID="0F573A44-435D-E5D3-9350-916007C62E18"/>
</indexColumnUsage>
</ind_PK_UK>
</indexes>
</Table>