<?xml version = '1.0' encoding = 'UTF-8'?>
<Table class="oracle.dbtools.crest.model.design.relational.Table" directorySegmentName="seg_0" id="AD5118A3-8F33-FCF5-E537-559B00AC2495" name="Running_Sheet">
<createdBy>Owner</createdBy>
<createdTime>2018-09-09 13:54:13 UTC</createdTime>
<generatorID>CEC1B947-4A52-5ADD-CAF0-8AC0104E82C0</generatorID>
<ownerDesignName>MC_logical_model</ownerDesignName>
<allowColumnReorder>false</allowColumnReorder>
<existDependencyGenerateInDDl>true</existDependencyGenerateInDDl>
<parsed>true</parsed>
<columns itemClass="oracle.dbtools.crest.model.design.relational.Column">
<Column name="Cabin_No" id="6547B443-B16E-AEE4-DA48-491B6E8F5806">
<createdBy>Owner</createdBy>
<createdTime>2018-09-09 13:54:13 UTC</createdTime>
<comment>Cabin_No = Cabin number</comment>
<commentInRDBMS>Cabin_No = Cabin number</commentInRDBMS>
<generatorID>BC6175B0-2058-EC0B-7E5C-D03E49719E77</generatorID>
<ownerDesignName>MC_logical_model</ownerDesignName>
<useDomainConstraints>false</useDomainConstraints>
<use>1</use>
<logicalDatatype>LOGDT019</logicalDatatype>
<dataTypePrecision>3</dataTypePrecision>
<ownDataTypeParameters>,,</ownDataTypeParameters>
<previousColumn>false</previousColumn>
<autoIncrementColumn>true</autoIncrementColumn>
<autoIncrementMinValue>1</autoIncrementMinValue>
<autoIncrementCycle>false</autoIncrementCycle>
<associations>
<colAssociation fkAssociation="94C2D00D-DF0F-B335-A958-64A57488FB7B" referredColumn="8D35FE78-21D9-A4FD-9481-3D1D54E1EA71"/>
</associations>
</Column>
<Column name="Resort_ID" id="B94EA6F8-A7B2-C53F-B21F-881A4B2C7944">
<createdBy>Owner</createdBy>
<createdTime>2018-09-09 13:54:13 UTC</createdTime>
<comment>Resort_ID = Resort ID</comment>
<commentInRDBMS>Resort_ID = Resort ID</commentInRDBMS>
<generatorID>064C9154-9319-BC4E-0EC7-2ADAB66E07C7</generatorID>
<ownerDesignName>MC_logical_model</ownerDesignName>
<useDomainConstraints>false</useDomainConstraints>
<use>1</use>
<logicalDatatype>LOGDT019</logicalDatatype>
<dataTypePrecision>5</dataTypePrecision>
<ownDataTypeParameters>,,</ownDataTypeParameters>
<previousColumn>false</previousColumn>
<autoIncrementCycle>false</autoIncrementCycle>
<associations>
<colAssociation fkAssociation="94C2D00D-DF0F-B335-A958-64A57488FB7B" referredColumn="648B0874-8008-F89F-2352-21F4697EA84A"/>
</associations>
</Column>
<Column name="Charge" id="36F423F6-732A-13D6-C72B-EE18428A3FBF">
<createdBy>Owner</createdBy>
<createdTime>2018-09-10 16:33:15 UTC</createdTime>
<comment>Charge = Total charge</comment>
<commentInRDBMS>Charge = Total charge</commentInRDBMS>
<generatorID>74EADF0E-D89A-403F-C923-12B3CD35A2A9</generatorID>
<ownerDesignName>MC_logical_model</ownerDesignName>
<nullsAllowed>true</nullsAllowed>
<useDomainConstraints>false</useDomainConstraints>
<use>1</use>
<logicalDatatype>LOGDT019</logicalDatatype>
<dataTypePrecision>3</dataTypePrecision>
<ownDataTypeParameters>,3,</ownDataTypeParameters>
<autoIncrementCycle>false</autoIncrementCycle>
</Column>
<Column name="Act_Cleantime" id="BC4D073F-8FA4-3F22-6994-EF66028A3C83">
<createdBy>Owner</createdBy>
<createdTime>2018-09-10 16:33:15 UTC</createdTime>
<comment>Act_Cleantime = Actual cleaning time</comment>
<commentInRDBMS>Act_Cleantime = Actual cleaning time</commentInRDBMS>
<generatorID>8E770871-AAD2-254E-E90B-8D3675DA2D8C</generatorID>
<ownerDesignName>MC_logical_model</ownerDesignName>
<nullsAllowed>true</nullsAllowed>
<useDomainConstraints>false</useDomainConstraints>
<use>1</use>
<logicalDatatype>LOGDT019</logicalDatatype>
<dataTypePrecision>2</dataTypePrecision>
<ownDataTypeParameters>,2,</ownDataTypeParameters>
<autoIncrementCycle>false</autoIncrementCycle>
</Column>
<Column name="Contractor_No" id="C346AA38-6790-EC0A-1E44-E0E9C1D7333C">
<createdBy>Owner</createdBy>
<createdTime>2018-09-10 16:33:15 UTC</createdTime>
<comment>Contractor_No = Contractor number</comment>
<generatorID>04E26D53-31E7-7163-8AE7-D4EA2401359E</generatorID>
<ownerDesignName>MC_logical_model</ownerDesignName>
<useDomainConstraints>false</useDomainConstraints>
<use>1</use>
<logicalDatatype>LOGDT019</logicalDatatype>
<dataTypePrecision>3</dataTypePrecision>
<ownDataTypeParameters>,,</ownDataTypeParameters>
<previousColumn>false</previousColumn>
<autoIncrementCycle>false</autoIncrementCycle>
<associations>
<colAssociation fkAssociation="2F9C7FAB-F425-D886-4AAA-668457E58E2F" referredColumn="77E3B6F6-DFD3-AD84-736C-C6264FD8FF62"/>
</associations>
</Column>
<Column name="Clean_date" id="7D8711C3-2823-D3E0-D9FA-7E1FDF563B55">
<createdBy>Owner</createdBy>
<createdTime>2018-09-10 16:33:15 UTC</createdTime>
<comment>Clean_date = Date of cleaning</comment>
<commentInRDBMS>Clean_date = Date of cleaning</commentInRDBMS>
<generatorID>7F0BF90A-1412-A033-D467-2B78F8CCCBF4</generatorID>
<ownerDesignName>MC_logical_model</ownerDesignName>
<useDomainConstraints>false</useDomainConstraints>
<use>1</use>
<logicalDatatype>LOGDT007</logicalDatatype>
<ownDataTypeParameters>,,</ownDataTypeParameters>
<autoIncrementCycle>false</autoIncrementCycle>
</Column>
<Column name="Contractor_No1" id="E1DB724C-7B4D-380E-FFFD-1FFDD2D27CE3">
<createdBy>Owner</createdBy>
<createdTime>2018-09-10 17:40:20 UTC</createdTime>
<comment>Contractor_No = Contractor number</comment>
<generatorID>AD1CF290-081F-C208-75AF-2AE9B2205B47</generatorID>
<ownerDesignName>MC_logical_model</ownerDesignName>
<useDomainConstraints>false</useDomainConstraints>
<use>1</use>
<logicalDatatype>LOGDT019</logicalDatatype>
<ownDataTypeParameters>,,</ownDataTypeParameters>
<previousColumn>false</previousColumn>
<autoIncrementCycle>false</autoIncrementCycle>
</Column>
<Column name="Contractor_No3" id="C8129B67-EF13-70AA-1CBE-B079DC538E6A">
<createdBy>Owner</createdBy>
<createdTime>2018-09-10 18:44:05 UTC</createdTime>
<comment>Contractor_No = Contractor number</comment>
<generatorID>A4827129-7439-3B07-9F98-583AA8581472</generatorID>
<ownerDesignName>MC_logical_model</ownerDesignName>
<useDomainConstraints>false</useDomainConstraints>
<use>1</use>
<logicalDatatype>LOGDT019</logicalDatatype>
<ownDataTypeParameters>,,</ownDataTypeParameters>
<previousColumn>false</previousColumn>
<autoIncrementCycle>false</autoIncrementCycle>
</Column>
</columns>
<indexes itemClass="oracle.dbtools.crest.model.design.relational.Index">
<ind_PK_UK id="D53B2B3F-5E9B-5209-C3D0-4293AFAC4F8C" name="Running_Sheet_PK">
<createdBy>Owner</createdBy>
<createdTime>2018-09-09 13:54:13 UTC</createdTime>
<generatorID>8429BDFF-928E-14F7-E936-0A0167109327</generatorID>
<ownerDesignName>MC_logical_model</ownerDesignName>
<pk>true</pk>
<indexState>Primary Constraint</indexState>
<isSurrogateKey>false</isSurrogateKey>
<indexColumnUsage>
<colUsage columnID="6547B443-B16E-AEE4-DA48-491B6E8F5806"/>
<colUsage columnID="B94EA6F8-A7B2-C53F-B21F-881A4B2C7944"/>
<colUsage columnID="7D8711C3-2823-D3E0-D9FA-7E1FDF563B55"/>
<colUsage columnID="C8129B67-EF13-70AA-1CBE-B079DC538E6A"/>
</indexColumnUsage>
</ind_PK_UK>
<ind_PK_UK id="38FAF1D6-C025-E7FF-6471-5F3E11621078" name="Running_Sheet__IDX">
<createdBy>Owner</createdBy>
<createdTime>2018-09-10 17:40:20 UTC</createdTime>
<ownerDesignName>MC_logical_model</ownerDesignName>
<indexState>Unique Plain Index</indexState>
<isSurrogateKey>false</isSurrogateKey>
<relationGeneratorID>76D57B52-529F-4812-9DB1-B93808ED3B0A</relationGeneratorID>
<indexColumnUsage>
<colUsage columnID="C346AA38-6790-EC0A-1E44-E0E9C1D7333C"/>
</indexColumnUsage>
</ind_PK_UK>
<ind_PK_UK id="8D771F07-C3F5-922C-AD05-AE91E0EA653D" name="Cabin_RunningSheet">
<createdBy>Owner</createdBy>
<createdTime>2018-09-09 13:54:13 UTC</createdTime>
<generatorID>A078B3C1-DAB5-469C-A95B-8B7AAB5E26F7</generatorID>
<ownerDesignName>MC_logical_model</ownerDesignName>
<indexState>Foreign Key</indexState>
<isSurrogateKey>false</isSurrogateKey>
<indexColumnUsage>
<colUsage columnID="6547B443-B16E-AEE4-DA48-491B6E8F5806"/>
<colUsage columnID="B94EA6F8-A7B2-C53F-B21F-881A4B2C7944"/>
</indexColumnUsage>
</ind_PK_UK>
<ind_PK_UK id="89AD706F-21AB-C07B-82BB-84524BDE43EB" name="Contractor_runningsheet">
<createdBy>Owner</createdBy>
<createdTime>2018-09-10 16:33:15 UTC</createdTime>
<generatorID>76D57B52-529F-4812-9DB1-B93808ED3B0A</generatorID>
<ownerDesignName>MC_logical_model</ownerDesignName>
<indexState>Foreign Key</indexState>
<isSurrogateKey>false</isSurrogateKey>
<indexColumnUsage>
<colUsage columnID="C346AA38-6790-EC0A-1E44-E0E9C1D7333C"/>
</indexColumnUsage>
</ind_PK_UK>
</indexes>
</Table>