<?xml version = '1.0' encoding = 'UTF-8'?>
<Table class="oracle.dbtools.crest.model.design.relational.Table" directorySegmentName="seg_0" id="C291B07A-A5C5-4A55-843C-E7582764E5BC" name="Contract">
<createdBy>Owner</createdBy>
<createdTime>2018-09-09 13:54:13 UTC</createdTime>
<generatorID>544B78F9-4CF5-28C2-E82A-D34D367D5A83</generatorID>
<ownerDesignName>MC_logical_model</ownerDesignName>
<allowColumnReorder>false</allowColumnReorder>
<existDependencyGenerateInDDl>true</existDependencyGenerateInDDl>
<parsed>true</parsed>
<columns itemClass="oracle.dbtools.crest.model.design.relational.Column">
<Column name="Contract_Type" id="DF050934-3620-B065-FCE5-36C1100E59E7">
<createdBy>Owner</createdBy>
<createdTime>2018-09-09 13:54:13 UTC</createdTime>
<comment>Contract_Type = Contract type</comment>
<commentInRDBMS>Contract_Type = Contract type</commentInRDBMS>
<generatorID>3B317C6A-519C-8C9F-4700-0023F5B64FE3</generatorID>
<ownerDesignName>MC_logical_model</ownerDesignName>
<nullsAllowed>true</nullsAllowed>
<useDomainConstraints>false</useDomainConstraints>
<use>1</use>
<logicalDatatype>LOGDT024</logicalDatatype>
<dataTypeSize>10</dataTypeSize>
<ownDataTypeParameters>10,,</ownDataTypeParameters>
<autoIncrementCycle>false</autoIncrementCycle>
</Column>
<Column name="Contract_Rate" id="91DC6F80-5D41-5368-1C64-02F80966B8C7">
<createdBy>Owner</createdBy>
<createdTime>2018-09-09 13:54:13 UTC</createdTime>
<comment>Contract_Rate = Contract hourly rate</comment>
<commentInRDBMS>Contract_Rate = Contract hourly rate</commentInRDBMS>
<generatorID>F8ACD78D-C918-FD82-E54C-0EC9B63C5C13</generatorID>
<ownerDesignName>MC_logical_model</ownerDesignName>
<nullsAllowed>true</nullsAllowed>
<useDomainConstraints>false</useDomainConstraints>
<use>1</use>
<logicalDatatype>LOGDT019</logicalDatatype>
<dataTypePrecision>3</dataTypePrecision>
<ownDataTypeParameters>,3,</ownDataTypeParameters>
<autoIncrementCycle>false</autoIncrementCycle>
</Column>
<Column name="Contract_Startdate" id="4A2638F4-CE2A-74A6-1555-3FB7692025A4">
<createdBy>Owner</createdBy>
<createdTime>2018-09-09 13:54:13 UTC</createdTime>
<comment>Contract_Startdate = Contract start date</comment>
<commentInRDBMS>Contract_Startdate = Contract start date</commentInRDBMS>
<generatorID>7BE391AF-5F4A-6AAD-9028-9648D95E4872</generatorID>
<ownerDesignName>MC_logical_model</ownerDesignName>
<useDomainConstraints>false</useDomainConstraints>
<use>1</use>
<logicalDatatype>LOGDT007</logicalDatatype>
<ownDataTypeParameters>,,</ownDataTypeParameters>
<autoIncrementCycle>false</autoIncrementCycle>
</Column>
<Column name="Contract_Enddate" id="B61FAA85-729A-BA20-2757-51468DD9C9FE">
<createdBy>Owner</createdBy>
<createdTime>2018-09-09 13:54:13 UTC</createdTime>
<comment>Contract_Enddate = Contract end date</comment>
<commentInRDBMS>Contract_Enddate = Contract end date</commentInRDBMS>
<generatorID>EDED4DCC-A031-69C9-F2A9-82069B04FFC4</generatorID>
<ownerDesignName>MC_logical_model</ownerDesignName>
<nullsAllowed>true</nullsAllowed>
<useDomainConstraints>false</useDomainConstraints>
<use>1</use>
<logicalDatatype>LOGDT007</logicalDatatype>
<ownDataTypeParameters>,,</ownDataTypeParameters>
<autoIncrementCycle>false</autoIncrementCycle>
</Column>
<Column name="Contractor_No" id="0B604DD8-E6C7-1AD9-5142-C693E6290773">
<createdBy>Owner</createdBy>
<createdTime>2018-09-10 16:33:15 UTC</createdTime>
<comment>Contractor_No = Contractor number</comment>
<generatorID>2784C1F7-7E78-E84B-84F7-9CC5FFDC31D0</generatorID>
<ownerDesignName>MC_logical_model</ownerDesignName>
<useDomainConstraints>false</useDomainConstraints>
<use>1</use>
<logicalDatatype>LOGDT019</logicalDatatype>
<dataTypePrecision>3</dataTypePrecision>
<ownDataTypeParameters>,,</ownDataTypeParameters>
<previousColumn>false</previousColumn>
<autoIncrementCycle>false</autoIncrementCycle>
<associations>
<colAssociation fkAssociation="BA45B9F1-BE7A-2B40-9DC6-110B4228C7C9" referredColumn="77E3B6F6-DFD3-AD84-736C-C6264FD8FF62"/>
</associations>
</Column>
<Column name="Contractor_Address" id="3D4CDDCC-7F30-3488-0F89-B32C3446A98F">
<createdBy>Owner</createdBy>
<createdTime>2018-09-11 03:26:28 UTC</createdTime>
<generatorID>82752DDF-53E5-3693-E4CE-3DAEBCACD999</generatorID>
<ownerDesignName>MC_logical_model</ownerDesignName>
<nullsAllowed>true</nullsAllowed>
<useDomainConstraints>false</useDomainConstraints>
<use>1</use>
<logicalDatatype>LOGDT025</logicalDatatype>
<dataTypeSize>100</dataTypeSize>
<ownDataTypeParameters>100,,</ownDataTypeParameters>
<autoIncrementCycle>false</autoIncrementCycle>
</Column>
</columns>
<indexes itemClass="oracle.dbtools.crest.model.design.relational.Index">
<ind_PK_UK id="F4D677D4-6B87-200A-5A25-8AAD3BB731DB" name="Contract_PK">
<createdBy>Owner</createdBy>
<createdTime>2018-09-09 13:54:13 UTC</createdTime>
<generatorID>90730679-5FF2-BD5D-6EBE-AA7F175D8BC1</generatorID>
<ownerDesignName>MC_logical_model</ownerDesignName>
<pk>true</pk>
<indexState>Primary Constraint</indexState>
<isSurrogateKey>false</isSurrogateKey>
<indexColumnUsage>
<colUsage columnID="4A2638F4-CE2A-74A6-1555-3FB7692025A4"/>
<colUsage columnID="0B604DD8-E6C7-1AD9-5142-C693E6290773"/>
</indexColumnUsage>
</ind_PK_UK>
<ind_PK_UK id="EDECC6FA-1F1E-E0C0-0E30-CD6881CF4842" name="Contractor__Contract">
<createdBy>Owner</createdBy>
<createdTime>2018-09-10 16:33:15 UTC</createdTime>
<generatorID>12FFA62E-2DAB-1BD1-BA64-A45318BC0045</generatorID>
<ownerDesignName>MC_logical_model</ownerDesignName>
<indexState>Foreign Key</indexState>
<isSurrogateKey>false</isSurrogateKey>
<indexColumnUsage>
<colUsage columnID="0B604DD8-E6C7-1AD9-5142-C693E6290773"/>
</indexColumnUsage>
</ind_PK_UK>
</indexes>
</Table>