<?xml version = '1.0' encoding = 'UTF-8'?>
<Table class="oracle.dbtools.crest.model.design.relational.Table" directorySegmentName="seg_0" id="DA29565D-BFC5-BEF4-A683-0141D826FC8F" name="Point_Of_Interest">
<createdBy>Owner</createdBy>
<createdTime>2018-09-09 06:33:28 UTC</createdTime>
<generatorID>7486F03B-587B-A499-1E00-C9F58147BA38</generatorID>
<ownerDesignName>MC_logical_model</ownerDesignName>
<abbreviation>POI</abbreviation>
<allowColumnReorder>false</allowColumnReorder>
<existDependencyGenerateInDDl>true</existDependencyGenerateInDDl>
<parsed>true</parsed>
<columns itemClass="oracle.dbtools.crest.model.design.relational.Column">
<Column name="Town_Longitude" id="4B6C98A4-6092-DB53-6107-7DB22D1ECB5D">
<createdBy>Owner</createdBy>
<createdTime>2018-09-09 06:33:28 UTC</createdTime>
<comment>Town_Longitude = Longitude</comment>
<commentInRDBMS>Town_Longitude = Town longitude</commentInRDBMS>
<generatorID>AFFF69C0-7FB4-140C-0C84-605499BCB7C1</generatorID>
<ownerDesignName>MC_logical_model</ownerDesignName>
<useDomainConstraints>false</useDomainConstraints>
<use>1</use>
<logicalDatatype>LOGDT019</logicalDatatype>
<dataTypePrecision>6</dataTypePrecision>
<dataTypeScale>2</dataTypeScale>
<ownDataTypeParameters>,6,2</ownDataTypeParameters>
<previousColumn>false</previousColumn>
<autoIncrementCycle>false</autoIncrementCycle>
<associations>
<colAssociation fkAssociation="B9F9D277-87B4-44E1-AA27-D288428BE053" referredColumn="942D0B2B-FBA3-A5C9-F046-B54CF2A3E3EE"/>
</associations>
</Column>
<Column name="Town_Latitude" id="050857B3-7B2D-EB3A-B55D-D598D26FFA12">
<createdBy>Owner</createdBy>
<createdTime>2018-09-09 06:33:28 UTC</createdTime>
<comment>Town_Latitude= Latitude</comment>
<commentInRDBMS>Town_Latitude= Town latitude</commentInRDBMS>
<generatorID>117C31E7-664B-1C33-F351-E65CFD3F1AE0</generatorID>
<ownerDesignName>MC_logical_model</ownerDesignName>
<useDomainConstraints>false</useDomainConstraints>
<use>1</use>
<logicalDatatype>LOGDT019</logicalDatatype>
<dataTypePrecision>6</dataTypePrecision>
<dataTypeScale>2</dataTypeScale>
<ownDataTypeParameters>,6,2</ownDataTypeParameters>
<previousColumn>false</previousColumn>
<autoIncrementCycle>false</autoIncrementCycle>
<associations>
<colAssociation fkAssociation="B9F9D277-87B4-44E1-AA27-D288428BE053" referredColumn="0AD44A80-4F7E-0BFF-8C5C-B8AF93E6A618"/>
</associations>
</Column>
<Column name="POI_Type" id="4B90C06E-AE26-6981-8783-AE7BD24A162F">
<createdBy>Owner</createdBy>
<createdTime>2018-09-09 06:33:28 UTC</createdTime>
<comment>POI_Type = Point of interest type</comment>
<commentInRDBMS>POI_Type = Point of interest type</commentInRDBMS>
<generatorID>2B311B51-C4C0-B1D8-8C5B-F110765D79D6</generatorID>
<ownerDesignName>MC_logical_model</ownerDesignName>
<useDomainConstraints>false</useDomainConstraints>
<use>1</use>
<logicalDatatype>LOGDT024</logicalDatatype>
<dataTypeSize>30</dataTypeSize>
<ownDataTypeParameters>30,,</ownDataTypeParameters>
<autoIncrementCycle>false</autoIncrementCycle>
</Column>
<Column name="POI_Street_Name" id="F00D5235-BC44-7D79-B333-E9EEE820628B">
<createdBy>Owner</createdBy>
<createdTime>2018-09-09 06:33:28 UTC</createdTime>
<comment>POI_Street_Name</comment>
<commentInRDBMS>POI_Street_Name</commentInRDBMS>
<generatorID>23C56021-CEC7-7841-5F4C-2CACF9AF785D</generatorID>
<ownerDesignName>MC_logical_model</ownerDesignName>
<useDomainConstraints>false</useDomainConstraints>
<use>1</use>
<logicalDatatype>LOGDT024</logicalDatatype>
<dataTypeSize>30</dataTypeSize>
<ownDataTypeParameters>30,,</ownDataTypeParameters>
<autoIncrementCycle>false</autoIncrementCycle>
</Column>
<Column name="POI_Desc" id="AD289CA8-5393-77CC-B02E-ADE43451DB98">
<createdBy>Owner</createdBy>
<createdTime>2018-09-09 06:33:28 UTC</createdTime>
<comment>POI_Desc= Point of interest description</comment>
<generatorID>6CABD853-E5E3-62DD-C111-AE42E9F80B10</generatorID>
<ownerDesignName>MC_logical_model</ownerDesignName>
<useDomainConstraints>false</useDomainConstraints>
<use>1</use>
<logicalDatatype>LOGDT024</logicalDatatype>
<dataTypeSize>150</dataTypeSize>
<ownDataTypeParameters>150,,</ownDataTypeParameters>
<autoIncrementCycle>false</autoIncrementCycle>
</Column>
<Column name="POI_Opn_Time" id="6BC3411D-1C4E-F555-A8D2-BD8F0C2A61BE">
<createdBy>Owner</createdBy>
<createdTime>2018-09-09 06:33:28 UTC</createdTime>
<comment>POI_Opn_Time = Point of interest opening time</comment>
<generatorID>BB4FCA1F-99EC-0083-7276-A8CE28838BB4</generatorID>
<ownerDesignName>MC_logical_model</ownerDesignName>
<useDomainConstraints>false</useDomainConstraints>
<use>1</use>
<logicalDatatype>LOGDT019</logicalDatatype>
<dataTypePrecision>4</dataTypePrecision>
<dataTypeScale>2</dataTypeScale>
<ownDataTypeParameters>,4,2</ownDataTypeParameters>
<autoIncrementCycle>false</autoIncrementCycle>
</Column>
<Column name="POI_Cls_Time" id="0C353BD6-224A-CB72-E5E3-E7325E4FF77A">
<createdBy>Owner</createdBy>
<createdTime>2018-09-09 06:33:28 UTC</createdTime>
<comment>POI_Cls_Time = Point of interest closing time</comment>
<generatorID>BAF8D93E-86BD-F692-1F30-389D138EA5AC</generatorID>
<ownerDesignName>MC_logical_model</ownerDesignName>
<useDomainConstraints>false</useDomainConstraints>
<use>1</use>
<logicalDatatype>LOGDT019</logicalDatatype>
<dataTypePrecision>4</dataTypePrecision>
<dataTypeScale>2</dataTypeScale>
<ownDataTypeParameters>,4,2</ownDataTypeParameters>
<autoIncrementCycle>false</autoIncrementCycle>
</Column>
<Column name="POI_Name" id="A85C1AC7-2A62-77DF-3906-16CCA76EABC0">
<createdBy>Owner</createdBy>
<createdTime>2018-09-09 13:54:13 UTC</createdTime>
<comment>POI_Name = point of interest name</comment>
<commentInRDBMS>POI_Name = point of interest name</commentInRDBMS>
<generatorID>267AD5F1-7EE7-D8D7-7108-07A94C3A545F</generatorID>
<ownerDesignName>MC_logical_model</ownerDesignName>
<useDomainConstraints>false</useDomainConstraints>
<use>1</use>
<logicalDatatype>LOGDT024</logicalDatatype>
<dataTypeSize>50</dataTypeSize>
<ownDataTypeParameters>50,,</ownDataTypeParameters>
<autoIncrementCycle>false</autoIncrementCycle>
</Column>
</columns>
<indexes itemClass="oracle.dbtools.crest.model.design.relational.Index">
<ind_PK_UK id="08B66E66-A56A-EFA0-49FA-5024E80E2BD5" name="Point_Of_Interest_PK">
<createdBy>Owner</createdBy>
<createdTime>2018-09-09 06:33:28 UTC</createdTime>
<generatorID>24A7A802-CCE6-F8CE-147F-3435E15A767C</generatorID>
<ownerDesignName>MC_logical_model</ownerDesignName>
<pk>true</pk>
<indexState>Primary Constraint</indexState>
<isSurrogateKey>false</isSurrogateKey>
<indexColumnUsage>
<colUsage columnID="4B6C98A4-6092-DB53-6107-7DB22D1ECB5D"/>
<colUsage columnID="050857B3-7B2D-EB3A-B55D-D598D26FFA12"/>
<colUsage columnID="4B90C06E-AE26-6981-8783-AE7BD24A162F"/>
<colUsage columnID="F00D5235-BC44-7D79-B333-E9EEE820628B"/>
<colUsage columnID="A85C1AC7-2A62-77DF-3906-16CCA76EABC0"/>
</indexColumnUsage>
</ind_PK_UK>
<ind_PK_UK id="AB385879-129F-2B6B-5548-0CE534D16667" name="Town_POI">
<createdBy>Owner</createdBy>
<createdTime>2018-09-09 06:33:28 UTC</createdTime>
<generatorID>79A59C4E-24C2-3729-3AB6-6CE0D21BD112</generatorID>
<ownerDesignName>MC_logical_model</ownerDesignName>
<indexState>Foreign Key</indexState>
<isSurrogateKey>false</isSurrogateKey>
<indexColumnUsage>
<colUsage columnID="4B6C98A4-6092-DB53-6107-7DB22D1ECB5D"/>
<colUsage columnID="050857B3-7B2D-EB3A-B55D-D598D26FFA12"/>
</indexColumnUsage>
</ind_PK_UK>
</indexes>
</Table>