<?xml version = '1.0' encoding = 'UTF-8'?>
<Table class="oracle.dbtools.crest.model.design.relational.Table" directorySegmentName="seg_0" id="F0C061C6-56A1-A226-C1AD-D3181ECD9F42" name="Town">
<createdBy>Owner</createdBy>
<createdTime>2018-09-09 06:33:28 UTC</createdTime>
<generatorID>B187CD91-3EEA-850E-D568-0C01F73189D5</generatorID>
<ownerDesignName>MC_logical_model</ownerDesignName>
<allowColumnReorder>false</allowColumnReorder>
<existDependencyGenerateInDDl>true</existDependencyGenerateInDDl>
<parsed>true</parsed>
<columns itemClass="oracle.dbtools.crest.model.design.relational.Column">
<Column name="Town_Longitude" id="942D0B2B-FBA3-A5C9-F046-B54CF2A3E3EE">
<createdBy>Owner</createdBy>
<createdTime>2018-09-09 06:33:28 UTC</createdTime>
<comment>Town_Longitude = Longitude</comment>
<commentInRDBMS>Town_Longitude = Town longitude</commentInRDBMS>
<generatorID>8BC66D0E-81DE-C72E-37A1-A949D90ABE2C</generatorID>
<ownerDesignName>MC_logical_model</ownerDesignName>
<useDomainConstraints>false</useDomainConstraints>
<use>1</use>
<logicalDatatype>LOGDT019</logicalDatatype>
<dataTypePrecision>6</dataTypePrecision>
<dataTypeScale>2</dataTypeScale>
<ownDataTypeParameters>,6,2</ownDataTypeParameters>
<autoIncrementCycle>false</autoIncrementCycle>
</Column>
<Column name="Town_Latitude" id="0AD44A80-4F7E-0BFF-8C5C-B8AF93E6A618">
<createdBy>Owner</createdBy>
<createdTime>2018-09-09 06:33:28 UTC</createdTime>
<comment>Town_Latitude= Latitude</comment>
<commentInRDBMS>Town_Latitude= Town latitude</commentInRDBMS>
<generatorID>D8171D82-9B04-7FD1-AA89-BA77903D68F5</generatorID>
<ownerDesignName>MC_logical_model</ownerDesignName>
<useDomainConstraints>false</useDomainConstraints>
<use>1</use>
<logicalDatatype>LOGDT019</logicalDatatype>
<dataTypePrecision>6</dataTypePrecision>
<dataTypeScale>2</dataTypeScale>
<ownDataTypeParameters>,6,2</ownDataTypeParameters>
<autoIncrementCycle>false</autoIncrementCycle>
</Column>
<Column name="Town_Name" id="0489CE47-D87C-8FAD-6B9F-63246B927598">
<createdBy>Owner</createdBy>
<createdTime>2018-09-09 06:33:28 UTC</createdTime>
<comment>Town_Name = Town name</comment>
<commentInRDBMS>Town_Name = Town name</commentInRDBMS>
<generatorID>48592138-F078-F998-84EB-F5952657CF1B</generatorID>
<ownerDesignName>MC_logical_model</ownerDesignName>
<useDomainConstraints>false</useDomainConstraints>
<use>1</use>
<logicalDatatype>LOGDT024</logicalDatatype>
<dataTypeSize>50</dataTypeSize>
<ownDataTypeParameters>50,,</ownDataTypeParameters>
<autoIncrementCycle>false</autoIncrementCycle>
</Column>
<Column name="Town_State" id="435F7847-66CE-EECE-D00F-0F106E7FBEF0">
<createdBy>Owner</createdBy>
<createdTime>2018-09-09 06:33:28 UTC</createdTime>
<comment>Town_State = Stateof the town</comment>
<commentInRDBMS>Town_State = Stateof the town</commentInRDBMS>
<generatorID>65141ADE-1806-79DA-FBCE-BA8C506E88A8</generatorID>
<ownerDesignName>MC_logical_model</ownerDesignName>
<useDomainConstraints>false</useDomainConstraints>
<use>1</use>
<logicalDatatype>LOGDT024</logicalDatatype>
<dataTypeSize>50</dataTypeSize>
<ownDataTypeParameters>50,,</ownDataTypeParameters>
<autoIncrementCycle>false</autoIncrementCycle>
</Column>
<Column name="Town_Avg_Summ_Temp" id="3A366E7D-B69B-DCB3-6A39-B50B5AE451A4">
<createdBy>Owner</createdBy>
<createdTime>2018-09-09 06:33:28 UTC</createdTime>
<comment>Town_avg_summ_temp = average summer temperature</comment>
<commentInRDBMS>Town_Avg_Summ_Temp = Average summer temperature</commentInRDBMS>
<generatorID>02C3D90B-1648-C881-6B7B-F77D844357FC</generatorID>
<ownerDesignName>MC_logical_model</ownerDesignName>
<useDomainConstraints>false</useDomainConstraints>
<use>1</use>
<logicalDatatype>LOGDT019</logicalDatatype>
<dataTypePrecision>2</dataTypePrecision>
<ownDataTypeParameters>,2,</ownDataTypeParameters>
<autoIncrementCycle>false</autoIncrementCycle>
</Column>
<Column name="Town_Avg_Win_Temp" id="0683BF2E-B744-263C-85B9-49105267971C">
<createdBy>Owner</createdBy>
<createdTime>2018-09-09 06:33:28 UTC</createdTime>
<comment>Town_Avg_Win_Temp = Average winter temperatue</comment>
<commentInRDBMS>Town_Avg_Win_Temp = Average winter temperatue</commentInRDBMS>
<generatorID>C0EE2A00-6B4E-7B46-464E-63FCF6744C72</generatorID>
<ownerDesignName>MC_logical_model</ownerDesignName>
<useDomainConstraints>false</useDomainConstraints>
<use>1</use>
<logicalDatatype>LOGDT019</logicalDatatype>
<dataTypePrecision>2</dataTypePrecision>
<ownDataTypeParameters>,2,</ownDataTypeParameters>
<autoIncrementCycle>false</autoIncrementCycle>
</Column>
<Column name="Town_Population" id="FAB68DDC-CE2C-E70F-DDEE-855825D3F281">
<createdBy>Owner</createdBy>
<createdTime>2018-09-09 06:33:28 UTC</createdTime>
<comment>Town_Population = Town population</comment>
<commentInRDBMS>Town_Population = Town population</commentInRDBMS>
<generatorID>E81756B8-492B-FC5A-08F7-39C59D21CF6F</generatorID>
<ownerDesignName>MC_logical_model</ownerDesignName>
<useDomainConstraints>false</useDomainConstraints>
<use>1</use>
<logicalDatatype>LOGDT019</logicalDatatype>
<dataTypePrecision>7</dataTypePrecision>
<ownDataTypeParameters>,7,</ownDataTypeParameters>
<autoIncrementCycle>false</autoIncrementCycle>
</Column>
<Column name="Town_Elevation" id="B205334E-B391-C69D-A7CB-E67D8AB75EC6">
<createdBy>Owner</createdBy>
<createdTime>2018-09-09 06:33:28 UTC</createdTime>
<comment>Town_Elevation - Town elevation</comment>
<commentInRDBMS>Town_Elevation - Town elevation</commentInRDBMS>
<generatorID>4CD9D200-34AD-95A5-14B9-DD7B1F0421FC</generatorID>
<ownerDesignName>MC_logical_model</ownerDesignName>
<useDomainConstraints>false</useDomainConstraints>
<use>1</use>
<logicalDatatype>LOGDT019</logicalDatatype>
<dataTypePrecision>5</dataTypePrecision>
<ownDataTypeParameters>,5,</ownDataTypeParameters>
<autoIncrementCycle>false</autoIncrementCycle>
</Column>
</columns>
<indexes itemClass="oracle.dbtools.crest.model.design.relational.Index">
<ind_PK_UK id="818CCE31-73F3-63A2-0D37-81EB4EA989F3" name="Town_PK">
<createdBy>Owner</createdBy>
<createdTime>2018-09-09 06:33:28 UTC</createdTime>
<generatorID>D497D618-86E9-22A5-C982-2D0BCB1FE572</generatorID>
<ownerDesignName>MC_logical_model</ownerDesignName>
<pk>true</pk>
<indexState>Primary Constraint</indexState>
<isSurrogateKey>false</isSurrogateKey>
<indexColumnUsage>
<colUsage columnID="942D0B2B-FBA3-A5C9-F046-B54CF2A3E3EE"/>
<colUsage columnID="0AD44A80-4F7E-0BFF-8C5C-B8AF93E6A618"/>
</indexColumnUsage>
</ind_PK_UK>
</indexes>
</Table>