<?xml version = '1.0' encoding = 'UTF-8'?>
<Table class="oracle.dbtools.crest.model.design.relational.Table" directorySegmentName="seg_0" id="FB7CFA16-A2AB-2438-52F6-7A17040E4EED" name="Manager">
<createdBy>Owner</createdBy>
<createdTime>2018-09-09 13:54:13 UTC</createdTime>
<generatorID>DD4A3DD3-2A79-2286-3846-E2570EA6D3AB</generatorID>
<ownerDesignName>MC_logical_model</ownerDesignName>
<allowColumnReorder>false</allowColumnReorder>
<existDependencyGenerateInDDl>true</existDependencyGenerateInDDl>
<parsed>true</parsed>
<columns itemClass="oracle.dbtools.crest.model.design.relational.Column">
<Column name="Manager_ID" id="74C697C9-E6B9-F926-4F08-F98CF6F66A4C">
<createdBy>Owner</createdBy>
<createdTime>2018-09-09 13:54:13 UTC</createdTime>
<generatorID>46819F97-5F03-CA33-324D-38016107CF60</generatorID>
<ownerDesignName>MC_logical_model</ownerDesignName>
<useDomainConstraints>false</useDomainConstraints>
<use>1</use>
<logicalDatatype>LOGDT019</logicalDatatype>
<dataTypePrecision>4</dataTypePrecision>
<ownDataTypeParameters>,4,</ownDataTypeParameters>
<autoIncrementColumn>true</autoIncrementColumn>
<autoIncrementStartWith>5000</autoIncrementStartWith>
<autoIncrementMinValue>5000</autoIncrementMinValue>
<autoIncrementCycle>false</autoIncrementCycle>
</Column>
<Column name="Manager_Name" id="9B815404-5CB1-4E1D-298E-FFB11F283B94">
<createdBy>Owner</createdBy>
<createdTime>2018-09-09 13:54:13 UTC</createdTime>
<comment>Manager_Name = Manager name</comment>
<commentInRDBMS>Manager_Name = Manager name</commentInRDBMS>
<generatorID>020D75D9-C74D-290B-64FF-5335FA857F50</generatorID>
<ownerDesignName>MC_logical_model</ownerDesignName>
<useDomainConstraints>false</useDomainConstraints>
<use>1</use>
<logicalDatatype>LOGDT024</logicalDatatype>
<dataTypeSize>50</dataTypeSize>
<ownDataTypeParameters>50,,</ownDataTypeParameters>
<autoIncrementCycle>false</autoIncrementCycle>
</Column>
<Column name="Manager_Address" id="E1167E42-6299-EB4E-C68C-9BDAA563E5B9">
<createdBy>Owner</createdBy>
<createdTime>2018-09-09 13:54:13 UTC</createdTime>
<comment>Manager_Address = Manager address</comment>
<commentInRDBMS>Manager_Address = Manager address</commentInRDBMS>
<generatorID>1B623E44-6A12-29BE-C089-DBE1664E433B</generatorID>
<ownerDesignName>MC_logical_model</ownerDesignName>
<useDomainConstraints>false</useDomainConstraints>
<use>1</use>
<logicalDatatype>LOGDT024</logicalDatatype>
<dataTypeSize>150</dataTypeSize>
<ownDataTypeParameters>150,,</ownDataTypeParameters>
<autoIncrementCycle>false</autoIncrementCycle>
</Column>
<Column name="Manager_Phone" id="277059A1-22A4-43A5-59E5-E07853BA84B4">
<createdBy>Owner</createdBy>
<createdTime>2018-09-09 13:54:13 UTC</createdTime>
<comment>Manager_Phone = Manager phone number</comment>
<commentInRDBMS>Manager_Phone = Manager phone number</commentInRDBMS>
<generatorID>A0B09B10-FC58-91FD-31AC-8ABF8A1996CC</generatorID>
<ownerDesignName>MC_logical_model</ownerDesignName>
<useDomainConstraints>false</useDomainConstraints>
<use>1</use>
<logicalDatatype>LOGDT019</logicalDatatype>
<dataTypePrecision>10</dataTypePrecision>
<ownDataTypeParameters>,10,</ownDataTypeParameters>
<autoIncrementCycle>false</autoIncrementCycle>
</Column>
</columns>
<indexes itemClass="oracle.dbtools.crest.model.design.relational.Index">
<ind_PK_UK id="B2AABF0F-C7F6-45EA-1314-173E62CB0FB4" name="Manager_PK">
<createdBy>Owner</createdBy>
<createdTime>2018-09-09 13:54:13 UTC</createdTime>
<generatorID>E85ADA00-48C7-840F-8E3C-D1E91AC014DD</generatorID>
<ownerDesignName>MC_logical_model</ownerDesignName>
<pk>true</pk>
<indexState>Primary Constraint</indexState>
<isSurrogateKey>false</isSurrogateKey>
<indexColumnUsage>
<colUsage columnID="74C697C9-E6B9-F926-4F08-F98CF6F66A4C"/>
</indexColumnUsage>
</ind_PK_UK>
</indexes>
</Table>