<?xml version = '1.0' encoding = 'UTF-8'?>
<Diagram class="oracle.dbtools.crest.swingui.logical.DPVLogical" name="Logical" id="7EE8FAC2-6F7B-5149-E9AD-6B4B071C989E">
<createdBy>Nikhil Braganza</createdBy>
<modifiedBy>Nikhil Braganza</modifiedBy>
<createdTime>2018-09-09 04:49:07 UTC</createdTime>
<autoRoute>false</autoRoute>
<boxInbox>true</boxInbox>
<showLegend>true</showLegend>
<showLabels>true</showLabels>
<showRelAttributes>false</showRelAttributes>
<gridEnabled>false</gridEnabled>
<showGrid>false</showGrid>
<diagramColor>-1</diagramColor>
<legendPosX>25</legendPosX>
<legendPosY>50</legendPosY>
<display>false</display>
<notation>2</notation>
<showAllDetails>false</showAllDetails>
<showElements>true</showElements>
<propertyMap>
<property name="Student ID " value="2977770"/>
</propertyMap>
<objectViews>
<OView class="oracle.dbtools.crest.swingui.logical.TVEntity" oid="2B104D34-2550-C78C-A4A4-CA84839892C5" otype="Entity" vid="77FC210B-512F-35BC-2F11-4FE41E40EB5A">
<hideElementsInCurrentOnly>false</hideElementsInCurrentOnly>
<bounds x="435" y="258" width="124" height="143"/>
</OView>
<OView class="oracle.dbtools.crest.swingui.logical.TVEntity" oid="544B78F9-4CF5-28C2-E82A-D34D367D5A83" otype="Entity" vid="CE46D40B-E5B4-608B-675A-2812B99C942A">
<hideElementsInCurrentOnly>false</hideElementsInCurrentOnly>
<bounds x="547" y="690" width="132" height="114"/>
</OView>
<OView class="oracle.dbtools.crest.swingui.logical.TVEntity" oid="6B214F86-107E-A2EF-4C72-577E26AC1A06" otype="Entity" vid="F826F761-F3E6-648B-245D-CA7EFB32FEC6">
<hideElementsInCurrentOnly>false</hideElementsInCurrentOnly>
<bounds x="168" y="268" width="106" height="88"/>
</OView>
<OView class="oracle.dbtools.crest.swingui.logical.TVEntity" oid="7486F03B-587B-A499-1E00-C9F58147BA38" otype="Entity" vid="86936C82-125A-8BCE-728B-66475549632D">
<hideElementsInCurrentOnly>false</hideElementsInCurrentOnly>
<bounds x="679" y="46" width="122" height="140"/>
</OView>
<OView class="oracle.dbtools.crest.swingui.TVLegend" oid="8F6A40BB-DA9E-030E-CDFD-CAA6FFCBCA42" otype="Legend" vid="F45A0837-D3D2-B550-0A8E-B0FF1E613ECF">
<hideElementsInCurrentOnly>false</hideElementsInCurrentOnly>
<bounds x="25" y="50" width="249" height="154"/>
</OView>
<OView class="oracle.dbtools.crest.swingui.logical.TVEntity" oid="96C33F54-2625-216D-A688-4AC7E0D0948E" otype="Entity" vid="061385AE-0F7F-0C34-0169-25E251CF5BEC">
<hideElementsInCurrentOnly>false</hideElementsInCurrentOnly>
<bounds x="444" y="507" width="159" height="130"/>
</OView>
<OView class="oracle.dbtools.crest.swingui.logical.TVEntity" oid="AA8D28DC-225E-F75C-5F8E-176DAC189C24" otype="Entity" vid="8797AE95-1C59-5E92-E5E4-F2C92BF0B05C">
<hideElementsInCurrentOnly>false</hideElementsInCurrentOnly>
<bounds x="160" y="623" width="156" height="144"/>
</OView>
<OView class="oracle.dbtools.crest.swingui.logical.TVEntity" oid="B187CD91-3EEA-850E-D568-0C01F73189D5" otype="Entity" vid="B05217F3-05F2-1DD7-55C1-8DE309A814A9">
<hideElementsInCurrentOnly>false</hideElementsInCurrentOnly>
<bounds x="666" y="262" width="162" height="144"/>
</OView>
<OView class="oracle.dbtools.crest.swingui.logical.TVEntity" oid="CA4653D3-1807-0E71-F3D1-1D21F4B452CA" otype="Entity" vid="FE67063F-002B-9764-9A53-409A1575D1C8">
<hideElementsInCurrentOnly>false</hideElementsInCurrentOnly>
<bounds x="402" y="691" width="133" height="115"/>
</OView>
<OView class="oracle.dbtools.crest.swingui.logical.TVEntity" oid="CEC1B947-4A52-5ADD-CAF0-8AC0104E82C0" otype="Entity" vid="C04DB6AD-28B8-7F09-9F06-12A87DC11161">
<hideElementsInCurrentOnly>false</hideElementsInCurrentOnly>
<bounds x="804" y="510" width="130" height="127"/>
</OView>
<OView class="oracle.dbtools.crest.swingui.logical.TVEntity" oid="DD4A3DD3-2A79-2286-3846-E2570EA6D3AB" otype="Entity" vid="D78A314E-3ACC-00F8-88D9-521F0DD8CD31">
<hideElementsInCurrentOnly>false</hideElementsInCurrentOnly>
<bounds x="438" y="96" width="119" height="90"/>
</OView>
<OView class="oracle.dbtools.crest.swingui.logical.TVEntity" oid="F1B76FE8-A395-613D-046D-4B7FE7CD4F46" otype="Entity" vid="29C0D10B-265B-C41E-519D-6C29707C0553">
<hideElementsInCurrentOnly>false</hideElementsInCurrentOnly>
<bounds x="802" y="690" width="131" height="108"/>
</OView>
<OView class="oracle.dbtools.crest.swingui.logical.TVEntity" oid="F1ECA954-1B00-8CA0-01CE-7902A80C585C" otype="Entity" vid="E30D3E7C-E5D8-8B67-42FE-BDDF7A8D1F54">
<hideElementsInCurrentOnly>false</hideElementsInCurrentOnly>
<bounds x="179" y="428" width="109" height="112"/>
</OView>
</objectViews>
<connectors>
<Connector class="oracle.dbtools.crest.swingui.logical.TVRelation" oid="07B8D17A-2104-49FB-4014-72EAFF7AE20E" otype="Relation" vid_source="E30D3E7C-E5D8-8B67-42FE-BDDF7A8D1F54" vid_target="8797AE95-1C59-5E92-E5E4-F2C92BF0B05C">
<hideElementsInCurrentOnly>false</hideElementsInCurrentOnly>
<backgroundColor>-16777216</backgroundColor>
<lineWidth>1</lineWidth>
<sourceLabel class="oracle.dbtools.crest.model.design.Label">
<site>0</site>
<labelBounds x="233" y="576" width="44" height="30"/>
<noBackgroundColor>true</noBackgroundColor>
<noForegroundColor>true</noForegroundColor>
</sourceLabel>
<targetLabel class="oracle.dbtools.crest.model.design.Label">
<site>2</site>
<labelBounds x="233" y="587" width="44" height="30"/>
<noBackgroundColor>true</noBackgroundColor>
<noForegroundColor>true</noForegroundColor>
</targetLabel>
<points>
<point x="233" y="540"/>
<point x="233" y="623"/>
</points>
</Connector>
<Connector class="oracle.dbtools.crest.swingui.logical.TVRelation" oid="0C303A6D-4DFB-6624-E98E-2CE906FA7418" otype="Relation" vid_source="77FC210B-512F-35BC-2F11-4FE41E40EB5A" vid_target="B05217F3-05F2-1DD7-55C1-8DE309A814A9">
<hideElementsInCurrentOnly>false</hideElementsInCurrentOnly>
<backgroundColor>-16777216</backgroundColor>
<lineWidth>1</lineWidth>
<sourceLabel class="oracle.dbtools.crest.model.design.Label">
<site>0</site>
<labelBounds x="569" y="301" width="66" height="30"/>
<noBackgroundColor>true</noBackgroundColor>
<noForegroundColor>true</noForegroundColor>
</sourceLabel>
<targetLabel class="oracle.dbtools.crest.model.design.Label">
<site>2</site>
<labelBounds x="628" y="334" width="32" height="30"/>
<noBackgroundColor>true</noBackgroundColor>
<noForegroundColor>true</noForegroundColor>
</targetLabel>
<points>
<point x="559" y="331"/>
<point x="666" y="331"/>
</points>
</Connector>
<Connector class="oracle.dbtools.crest.swingui.logical.TVRelation" oid="12FFA62E-2DAB-1BD1-BA64-A45318BC0045" otype="Relation" vid_source="29C0D10B-265B-C41E-519D-6C29707C0553" vid_target="CE46D40B-E5B4-608B-675A-2812B99C942A">
<hideElementsInCurrentOnly>false</hideElementsInCurrentOnly>
<backgroundColor>-16777216</backgroundColor>
<lineWidth>1</lineWidth>
<sourceLabel class="oracle.dbtools.crest.model.design.Label">
<site>0</site>
<labelBounds x="757" y="699" width="39" height="30"/>
<noBackgroundColor>true</noBackgroundColor>
<noForegroundColor>true</noForegroundColor>
</sourceLabel>
<points>
<point x="802" y="729"/>
<point x="679" y="729"/>
</points>
</Connector>
<Connector class="oracle.dbtools.crest.swingui.logical.TVRelation" oid="2E6DCF90-08FD-DDF0-EB7E-A1AB0EBF1239" otype="Relation" vid_source="061385AE-0F7F-0C34-0169-25E251CF5BEC" vid_target="8797AE95-1C59-5E92-E5E4-F2C92BF0B05C">
<hideElementsInCurrentOnly>false</hideElementsInCurrentOnly>
<backgroundColor>-16777216</backgroundColor>
<lineWidth>1</lineWidth>
<sourceLabel class="oracle.dbtools.crest.model.design.Label">
<site>0</site>
<labelBounds x="381" y="600" width="57" height="30"/>
<noBackgroundColor>true</noBackgroundColor>
<noForegroundColor>true</noForegroundColor>
</sourceLabel>
<points>
<point x="444" y="630"/>
<point x="316" y="630"/>
</points>
</Connector>
<Connector class="oracle.dbtools.crest.swingui.logical.TVRelation" oid="4A9F4369-5C3B-ADE7-B9B7-276DB97A92FF" otype="Relation" vid_source="77FC210B-512F-35BC-2F11-4FE41E40EB5A" vid_target="D78A314E-3ACC-00F8-88D9-521F0DD8CD31">
<hideElementsInCurrentOnly>false</hideElementsInCurrentOnly>
<backgroundColor>-16777216</backgroundColor>
<lineWidth>1</lineWidth>
<sourceLabel class="oracle.dbtools.crest.model.design.Label">
<site>0</site>
<labelBounds x="497" y="214" width="58" height="30"/>
<noBackgroundColor>true</noBackgroundColor>
<noForegroundColor>true</noForegroundColor>
</sourceLabel>
<targetLabel class="oracle.dbtools.crest.model.design.Label">
<site>2</site>
<labelBounds x="497" y="222" width="58" height="30"/>
<noBackgroundColor>true</noBackgroundColor>
<noForegroundColor>true</noForegroundColor>
</targetLabel>
<points>
<point x="497" y="258"/>
<point x="497" y="186"/>
</points>
</Connector>
<Connector class="oracle.dbtools.crest.swingui.logical.TVRelation" oid="76D57B52-529F-4812-9DB1-B93808ED3B0A" otype="Relation" vid_source="29C0D10B-265B-C41E-519D-6C29707C0553" vid_target="C04DB6AD-28B8-7F09-9F06-12A87DC11161">
<hideElementsInCurrentOnly>false</hideElementsInCurrentOnly>
<backgroundColor>-16777216</backgroundColor>
<lineWidth>1</lineWidth>
<targetLabel class="oracle.dbtools.crest.model.design.Label">
<site>2</site>
<labelBounds x="908" y="640" width="128" height="30"/>
<noBackgroundColor>true</noBackgroundColor>
<noForegroundColor>true</noForegroundColor>
</targetLabel>
<points>
<point x="853" y="690"/>
<point x="853" y="637"/>
</points>
</Connector>
<Connector class="oracle.dbtools.crest.swingui.logical.TVRelation" oid="79A59C4E-24C2-3729-3AB6-6CE0D21BD112" otype="Relation" vid_source="B05217F3-05F2-1DD7-55C1-8DE309A814A9" vid_target="86936C82-125A-8BCE-728B-66475549632D">
<hideElementsInCurrentOnly>false</hideElementsInCurrentOnly>
<backgroundColor>-16777216</backgroundColor>
<lineWidth>1</lineWidth>
<sourceLabel class="oracle.dbtools.crest.model.design.Label">
<site>0</site>
<labelBounds x="740" y="216" width="34" height="32"/>
<noBackgroundColor>true</noBackgroundColor>
<noForegroundColor>true</noForegroundColor>
</sourceLabel>
<points>
<point x="740" y="262"/>
<point x="740" y="186"/>
</points>
</Connector>
<Connector class="oracle.dbtools.crest.swingui.logical.TVRelation" oid="A078B3C1-DAB5-469C-A95B-8B7AAB5E26F7" otype="Relation" vid_source="061385AE-0F7F-0C34-0169-25E251CF5BEC" vid_target="C04DB6AD-28B8-7F09-9F06-12A87DC11161">
<hideElementsInCurrentOnly>false</hideElementsInCurrentOnly>
<backgroundColor>-16777216</backgroundColor>
<lineWidth>1</lineWidth>
<sourceLabel class="oracle.dbtools.crest.model.design.Label">
<site>0</site>
<labelBounds x="613" y="543" width="57" height="30"/>
<noBackgroundColor>true</noBackgroundColor>
<noForegroundColor>true</noForegroundColor>
</sourceLabel>
<points>
<point x="603" y="573"/>
<point x="804" y="573"/>
</points>
</Connector>
<Connector class="oracle.dbtools.crest.swingui.logical.TVRelation" oid="C273B04E-9AF4-0B88-DBE0-F65577C150F9" otype="Relation" vid_source="77FC210B-512F-35BC-2F11-4FE41E40EB5A" vid_target="F826F761-F3E6-648B-245D-CA7EFB32FEC6">
<hideElementsInCurrentOnly>false</hideElementsInCurrentOnly>
<backgroundColor>-16777216</backgroundColor>
<lineWidth>1</lineWidth>
<targetLabel class="oracle.dbtools.crest.model.design.Label">
<site>2</site>
<labelBounds x="298" y="329" width="41" height="84"/>
<noBackgroundColor>true</noBackgroundColor>
<noForegroundColor>true</noForegroundColor>
</targetLabel>
<points>
<point x="435" y="312"/>
<point x="274" y="312"/>
</points>
</Connector>
<Connector class="oracle.dbtools.crest.swingui.logical.TVRelation" oid="DB16BA43-62FC-9EDE-775B-B2318B9BDBBA" otype="Relation" vid_source="8797AE95-1C59-5E92-E5E4-F2C92BF0B05C" vid_target="FE67063F-002B-9764-9A53-409A1575D1C8">
<hideElementsInCurrentOnly>false</hideElementsInCurrentOnly>
<backgroundColor>-16777216</backgroundColor>
<lineWidth>1</lineWidth>
<sourceLabel class="oracle.dbtools.crest.model.design.Label">
<site>0</site>
<labelBounds x="326" y="699" width="64" height="30"/>
<noBackgroundColor>true</noBackgroundColor>
<noForegroundColor>true</noForegroundColor>
</sourceLabel>
<points>
<point x="316" y="729"/>
<point x="402" y="729"/>
</points>
</Connector>
<Connector class="oracle.dbtools.crest.swingui.logical.TVRelation" oid="E4444B75-301D-23EC-2A1D-6A30A37DE334" otype="Relation" vid_source="77FC210B-512F-35BC-2F11-4FE41E40EB5A" vid_target="061385AE-0F7F-0C34-0169-25E251CF5BEC">
<hideElementsInCurrentOnly>false</hideElementsInCurrentOnly>
<backgroundColor>-16777216</backgroundColor>
<lineWidth>1</lineWidth>
<sourceLabel class="oracle.dbtools.crest.model.design.Label">
<site>0</site>
<labelBounds x="501" y="461" width="56" height="30"/>
<noBackgroundColor>true</noBackgroundColor>
<noForegroundColor>true</noForegroundColor>
</sourceLabel>
<points>
<point x="501" y="401"/>
<point x="501" y="507"/>
</points>
</Connector>
<Connector class="oracle.dbtools.crest.swingui.logical.TVRelation" oid="FE19F55C-D334-540B-F7E6-C40E4D9B30D8" otype="Relation" vid_source="E30D3E7C-E5D8-8B67-42FE-BDDF7A8D1F54" vid_target="F826F761-F3E6-648B-245D-CA7EFB32FEC6">
<hideElementsInCurrentOnly>false</hideElementsInCurrentOnly>
<backgroundColor>-16777216</backgroundColor>
<lineWidth>1</lineWidth>
<sourceLabel class="oracle.dbtools.crest.model.design.Label">
<site>0</site>
<labelBounds x="226" y="381" width="34" height="33"/>
<noBackgroundColor>true</noBackgroundColor>
<noForegroundColor>true</noForegroundColor>
</sourceLabel>
<points>
<point x="226" y="428"/>
<point x="226" y="356"/>
</points>
</Connector>
</connectors>
</Diagram>