<?xml version = '1.0' encoding = 'UTF-8'?>
<FKIndexAssociation class="oracle.dbtools.crest.model.design.relational.FKIndexAssociation" directorySegmentName="seg_0" id="2F9C7FAB-F425-D886-4AAA-668457E58E2F" containerWithKeyObject="AD5118A3-8F33-FCF5-E537-559B00AC2495" localFKIndex="89AD706F-21AB-C07B-82BB-84524BDE43EB" name="Contractor_runningsheet">
<createdBy>Owner</createdBy>
<createdTime>2018-09-10 16:33:15 UTC</createdTime>
<generatorID>76D57B52-529F-4812-9DB1-B93808ED3B0A</generatorID>
<ownerDesignName>MC_logical_model</ownerDesignName>
<referredTableLongName>Cleaner</referredTableLongName>
<deleteRule>NO ACTION</deleteRule>
<referredTableID>5B4BCE9A-B9D4-897D-CF91-53C9A9D498E4</referredTableID>
<keyObject>F841EF23-B168-9ADB-213E-74FDB599D1DF</keyObject>
<referredKeyID>F841EF23-B168-9ADB-213E-74FDB599D1DF</referredKeyID>
<mandatory>true</mandatory>
<refColNames>Contractor_No</refColNames>
<transferable>true</transferable>
<rely>false</rely>
<columnDependencyConstraintGenerateInDDL>true</columnDependencyConstraintGenerateInDDL>
</FKIndexAssociation>