<?xml version = '1.0' encoding = 'UTF-8'?>
<FKIndexAssociation class="oracle.dbtools.crest.model.design.relational.FKIndexAssociation" directorySegmentName="seg_0" id="94C2D00D-DF0F-B335-A958-64A57488FB7B" containerWithKeyObject="AD5118A3-8F33-FCF5-E537-559B00AC2495" localFKIndex="8D771F07-C3F5-922C-AD05-AE91E0EA653D" name="Cabin_RunningSheet">
<createdBy>Owner</createdBy>
<createdTime>2018-09-09 13:54:13 UTC</createdTime>
<generatorID>A078B3C1-DAB5-469C-A95B-8B7AAB5E26F7</generatorID>
<ownerDesignName>MC_logical_model</ownerDesignName>
<referredTableLongName>Cabin</referredTableLongName>
<deleteRule>NO ACTION</deleteRule>
<referredTableID>5F51C028-9097-5FB1-3454-3CFD2DE97AE8</referredTableID>
<keyObject>0EA31D36-B449-9A99-F2A0-8C37BE169542</keyObject>
<referredKeyID>0EA31D36-B449-9A99-F2A0-8C37BE169542</referredKeyID>
<mandatory>true</mandatory>
<refColNames>Cabin_No,Resort_ID</refColNames>
<transferable>true</transferable>
<rely>false</rely>
<columnDependencyConstraintGenerateInDDL>true</columnDependencyConstraintGenerateInDDL>
</FKIndexAssociation>