<?xml version = '1.0' encoding = 'UTF-8'?>
<FKIndexAssociation class="oracle.dbtools.crest.model.design.relational.FKIndexAssociation" directorySegmentName="seg_0" id="9A55769C-AD02-C2DF-F7FC-1A4C2D2B8551" containerWithKeyObject="47350B10-90EF-5D5B-A341-9F6556D8C5F4" localFKIndex="62D1A13C-B04C-BE75-F93C-40095D16BE13" name="Resort_Review">
<createdBy>Owner</createdBy>
<createdTime>2018-09-09 13:54:13 UTC</createdTime>
<generatorID>C273B04E-9AF4-0B88-DBE0-F65577C150F9</generatorID>
<ownerDesignName>MC_logical_model</ownerDesignName>
<referredTableLongName>Resort</referredTableLongName>
<deleteRule>NO ACTION</deleteRule>
<referredTableID>5D1DD5CE-006D-B4DF-89DE-ABF0C6E2D8DD</referredTableID>
<keyObject>6CDD8833-AB14-4066-8413-6932EC57FB53</keyObject>
<referredKeyID>6CDD8833-AB14-4066-8413-6932EC57FB53</referredKeyID>
<mandatory>true</mandatory>
<refColNames>Resort_ID</refColNames>
<transferable>true</transferable>
<rely>false</rely>
<columnDependencyConstraintGenerateInDDL>true</columnDependencyConstraintGenerateInDDL>
</FKIndexAssociation>