<?xml version = '1.0' encoding = 'UTF-8'?>
<FKIndexAssociation class="oracle.dbtools.crest.model.design.relational.FKIndexAssociation" directorySegmentName="seg_0" id="AF7D2171-63E4-63DA-4850-88054164578A" containerWithKeyObject="0B95FB9F-3069-3475-EC29-CBD07CBCC7FF" localFKIndex="3D3E8C9D-10F9-873D-8E1B-AD4330499F2F" name="Guest_Booking">
<createdBy>Owner</createdBy>
<createdTime>2018-09-09 13:54:13 UTC</createdTime>
<generatorID>07B8D17A-2104-49FB-4014-72EAFF7AE20E</generatorID>
<ownerDesignName>MC_logical_model</ownerDesignName>
<referredTableLongName>Guest</referredTableLongName>
<deleteRule>NO ACTION</deleteRule>
<referredTableID>96D44928-E9B0-F35D-6564-E47FACAEE5A1</referredTableID>
<keyObject>B8BDD539-C925-0FA4-87C5-FCBE0201379D</keyObject>
<referredKeyID>B8BDD539-C925-0FA4-87C5-FCBE0201379D</referredKeyID>
<mandatory>true</mandatory>
<refColNames>Guest_No</refColNames>
<transferable>true</transferable>
<rely>false</rely>
<columnDependencyConstraintGenerateInDDL>true</columnDependencyConstraintGenerateInDDL>
</FKIndexAssociation>