<?xml version = '1.0' encoding = 'UTF-8'?>
<FKIndexAssociation class="oracle.dbtools.crest.model.design.relational.FKIndexAssociation" directorySegmentName="seg_0" id="B9F9D277-87B4-44E1-AA27-D288428BE053" containerWithKeyObject="DA29565D-BFC5-BEF4-A683-0141D826FC8F" localFKIndex="AB385879-129F-2B6B-5548-0CE534D16667" name="Town_POI">
<createdBy>Owner</createdBy>
<createdTime>2018-09-09 06:33:28 UTC</createdTime>
<generatorID>79A59C4E-24C2-3729-3AB6-6CE0D21BD112</generatorID>
<ownerDesignName>MC_logical_model</ownerDesignName>
<referredTableLongName>Town</referredTableLongName>
<deleteRule>NO ACTION</deleteRule>
<referredTableID>F0C061C6-56A1-A226-C1AD-D3181ECD9F42</referredTableID>
<keyObject>818CCE31-73F3-63A2-0D37-81EB4EA989F3</keyObject>
<referredKeyID>818CCE31-73F3-63A2-0D37-81EB4EA989F3</referredKeyID>
<mandatory>true</mandatory>
<refColNames>Town_Longitude,Town_Latitude</refColNames>
<transferable>true</transferable>
<rely>false</rely>
<columnDependencyConstraintGenerateInDDL>true</columnDependencyConstraintGenerateInDDL>
</FKIndexAssociation>