<?xml version = '1.0' encoding = 'UTF-8'?>
<FKIndexAssociation class="oracle.dbtools.crest.model.design.relational.FKIndexAssociation" directorySegmentName="seg_0" id="BA45B9F1-BE7A-2B40-9DC6-110B4228C7C9" containerWithKeyObject="C291B07A-A5C5-4A55-843C-E7582764E5BC" localFKIndex="EDECC6FA-1F1E-E0C0-0E30-CD6881CF4842" name="Contractor__Contract">
<createdBy>Owner</createdBy>
<createdTime>2018-09-10 16:33:15 UTC</createdTime>
<generatorID>12FFA62E-2DAB-1BD1-BA64-A45318BC0045</generatorID>
<ownerDesignName>MC_logical_model</ownerDesignName>
<referredTableLongName>Cleaner</referredTableLongName>
<deleteRule>NO ACTION</deleteRule>
<referredTableID>5B4BCE9A-B9D4-897D-CF91-53C9A9D498E4</referredTableID>
<keyObject>F841EF23-B168-9ADB-213E-74FDB599D1DF</keyObject>
<referredKeyID>F841EF23-B168-9ADB-213E-74FDB599D1DF</referredKeyID>
<mandatory>true</mandatory>
<refColNames>Contractor_No</refColNames>
<transferable>true</transferable>
<rely>false</rely>
<columnDependencyConstraintGenerateInDDL>true</columnDependencyConstraintGenerateInDDL>
</FKIndexAssociation>