<?xml version = '1.0' encoding = 'UTF-8'?>
<FKIndexAssociation class="oracle.dbtools.crest.model.design.relational.FKIndexAssociation" directorySegmentName="seg_0" id="C8B5AA06-82D1-F6F8-CF48-B40025A26B00" containerWithKeyObject="47350B10-90EF-5D5B-A341-9F6556D8C5F4" localFKIndex="D5735746-CCA1-3134-2488-BB93CC299F70" name="Guest_Review">
<createdBy>Owner</createdBy>
<createdTime>2018-09-09 13:54:13 UTC</createdTime>
<generatorID>FE19F55C-D334-540B-F7E6-C40E4D9B30D8</generatorID>
<ownerDesignName>MC_logical_model</ownerDesignName>
<referredTableLongName>Guest</referredTableLongName>
<deleteRule>NO ACTION</deleteRule>
<referredTableID>96D44928-E9B0-F35D-6564-E47FACAEE5A1</referredTableID>
<keyObject>B8BDD539-C925-0FA4-87C5-FCBE0201379D</keyObject>
<referredKeyID>B8BDD539-C925-0FA4-87C5-FCBE0201379D</referredKeyID>
<mandatory>true</mandatory>
<refColNames>Guest_No</refColNames>
<transferable>true</transferable>
<rely>false</rely>
<columnDependencyConstraintGenerateInDDL>true</columnDependencyConstraintGenerateInDDL>
</FKIndexAssociation>