<?xml version = '1.0' encoding = 'UTF-8'?>
<FKIndexAssociation class="oracle.dbtools.crest.model.design.relational.FKIndexAssociation" directorySegmentName="seg_0" id="C9CE20C6-BCCF-180E-D716-6242DE3605FC" containerWithKeyObject="2F2FBA38-6EBC-BFBA-2B8B-8023CCC1D671" localFKIndex="B3C7952B-3BE1-E760-AD82-49D571F452B4" name="Booking_Rates">
<createdBy>Owner</createdBy>
<createdTime>2018-09-09 13:54:13 UTC</createdTime>
<generatorID>DB16BA43-62FC-9EDE-775B-B2318B9BDBBA</generatorID>
<ownerDesignName>MC_logical_model</ownerDesignName>
<referredTableLongName>Booking</referredTableLongName>
<deleteRule>NO ACTION</deleteRule>
<referredTableID>0B95FB9F-3069-3475-EC29-CBD07CBCC7FF</referredTableID>
<keyObject>F9E8B71A-43CC-3B4A-160D-59D12B01E8C6</keyObject>
<referredKeyID>F9E8B71A-43CC-3B4A-160D-59D12B01E8C6</referredKeyID>
<mandatory>true</mandatory>
<refColNames>Booking_Start_Date,Cabin_No,Resort_ID,Guest_No</refColNames>
<transferable>true</transferable>
<rely>false</rely>
<columnDependencyConstraintGenerateInDDL>true</columnDependencyConstraintGenerateInDDL>
</FKIndexAssociation>