<?xml version = '1.0' encoding = 'UTF-8'?>
<FKIndexAssociation class="oracle.dbtools.crest.model.design.relational.FKIndexAssociation" directorySegmentName="seg_0" id="CFC4EA76-D158-4771-B12D-6D8398990D5D" containerWithKeyObject="5D1DD5CE-006D-B4DF-89DE-ABF0C6E2D8DD" localFKIndex="59295DBC-4589-77E4-F838-12507D983F4C" name="Town_Resort">
<createdBy>Owner</createdBy>
<createdTime>2018-09-09 06:33:28 UTC</createdTime>
<generatorID>0C303A6D-4DFB-6624-E98E-2CE906FA7418</generatorID>
<ownerDesignName>MC_logical_model</ownerDesignName>
<referredTableLongName>Town</referredTableLongName>
<deleteRule>NO ACTION</deleteRule>
<referredTableID>F0C061C6-56A1-A226-C1AD-D3181ECD9F42</referredTableID>
<keyObject>818CCE31-73F3-63A2-0D37-81EB4EA989F3</keyObject>
<referredKeyID>818CCE31-73F3-63A2-0D37-81EB4EA989F3</referredKeyID>
<mandatory>true</mandatory>
<refColNames>Town_Longitude,Town_Latitude</refColNames>
<transferable>true</transferable>
<rely>false</rely>
<columnDependencyConstraintGenerateInDDL>true</columnDependencyConstraintGenerateInDDL>
</FKIndexAssociation>