<?xml version = '1.0' encoding = 'UTF-8'?>
<FKIndexAssociation class="oracle.dbtools.crest.model.design.relational.FKIndexAssociation" directorySegmentName="seg_0" id="E02ECFBA-5D8D-41FC-D796-01D2CBE21D85" containerWithKeyObject="5F51C028-9097-5FB1-3454-3CFD2DE97AE8" localFKIndex="68393FFA-72D7-0701-C279-3645F2B2D0BB" name="Resort_Cabin">
<createdBy>Owner</createdBy>
<createdTime>2018-09-09 13:54:13 UTC</createdTime>
<generatorID>E4444B75-301D-23EC-2A1D-6A30A37DE334</generatorID>
<ownerDesignName>MC_logical_model</ownerDesignName>
<referredTableLongName>Resort</referredTableLongName>
<deleteRule>NO ACTION</deleteRule>
<referredTableID>5D1DD5CE-006D-B4DF-89DE-ABF0C6E2D8DD</referredTableID>
<keyObject>6CDD8833-AB14-4066-8413-6932EC57FB53</keyObject>
<referredKeyID>6CDD8833-AB14-4066-8413-6932EC57FB53</referredKeyID>
<mandatory>true</mandatory>
<refColNames>Resort_ID</refColNames>
<transferable>true</transferable>
<rely>false</rely>
<columnDependencyConstraintGenerateInDDL>true</columnDependencyConstraintGenerateInDDL>
</FKIndexAssociation>