<?xml version = '1.0' encoding = 'UTF-8'?>
<FKIndexAssociation class="oracle.dbtools.crest.model.design.relational.FKIndexAssociation" directorySegmentName="seg_0" id="EB3CACF1-5D9C-15E8-CC75-32EDE420BDDA" containerWithKeyObject="0B95FB9F-3069-3475-EC29-CBD07CBCC7FF" localFKIndex="23456339-742F-AD09-C888-50B7D3ACDAA0" name="Cabin_Booking">
<createdBy>Owner</createdBy>
<createdTime>2018-09-09 13:54:13 UTC</createdTime>
<generatorID>2E6DCF90-08FD-DDF0-EB7E-A1AB0EBF1239</generatorID>
<ownerDesignName>MC_logical_model</ownerDesignName>
<referredTableLongName>Cabin</referredTableLongName>
<deleteRule>NO ACTION</deleteRule>
<referredTableID>5F51C028-9097-5FB1-3454-3CFD2DE97AE8</referredTableID>
<keyObject>0EA31D36-B449-9A99-F2A0-8C37BE169542</keyObject>
<referredKeyID>0EA31D36-B449-9A99-F2A0-8C37BE169542</referredKeyID>
<mandatory>true</mandatory>
<refColNames>Cabin_No,Resort_ID</refColNames>
<transferable>true</transferable>
<rely>false</rely>
<columnDependencyConstraintGenerateInDDL>true</columnDependencyConstraintGenerateInDDL>
</FKIndexAssociation>