<?xml version = '1.0' encoding = 'UTF-8'?>
<FKIndexAssociation class="oracle.dbtools.crest.model.design.relational.FKIndexAssociation" directorySegmentName="seg_0" id="FC86DB37-C6FB-CA19-45B6-40012B6BC676" containerWithKeyObject="5D1DD5CE-006D-B4DF-89DE-ABF0C6E2D8DD" localFKIndex="68750EEC-D9DB-9C40-E8DD-15E63715B7C4" name="Manager_Resort">
<createdBy>Owner</createdBy>
<createdTime>2018-09-09 13:54:13 UTC</createdTime>
<generatorID>4A9F4369-5C3B-ADE7-B9B7-276DB97A92FF</generatorID>
<ownerDesignName>MC_logical_model</ownerDesignName>
<referredTableLongName>Manager</referredTableLongName>
<deleteRule>NO ACTION</deleteRule>
<referredTableID>FB7CFA16-A2AB-2438-52F6-7A17040E4EED</referredTableID>
<keyObject>B2AABF0F-C7F6-45EA-1314-173E62CB0FB4</keyObject>
<referredKeyID>B2AABF0F-C7F6-45EA-1314-173E62CB0FB4</referredKeyID>
<mandatory>true</mandatory>
<refColNames>Manager_ID</refColNames>
<transferable>false</transferable>
<rely>false</rely>
<columnDependencyConstraintGenerateInDDL>true</columnDependencyConstraintGenerateInDDL>
</FKIndexAssociation>