<?xml version = '1.0' encoding = 'UTF-8'?>
<Diagram class="oracle.dbtools.crest.swingui.relational.DPVRelational" name="Relational_1" id="79342D84-CC46-A727-6CD6-928A0BE34004">
<createdBy>Owner</createdBy>
<modifiedBy>Owner</modifiedBy>
<createdTime>2018-09-09 05:31:46 UTC</createdTime>
<autoRoute>false</autoRoute>
<boxInbox>true</boxInbox>
<showLegend>false</showLegend>
<showLabels>false</showLabels>
<showRelAttributes>false</showRelAttributes>
<gridEnabled>false</gridEnabled>
<showGrid>false</showGrid>
<diagramColor>-1</diagramColor>
<display>false</display>
<notation>1</notation>
<objectViews>
<OView class="oracle.dbtools.crest.swingui.relational.TVTable" oid="0B95FB9F-3069-3475-EC29-CBD07CBCC7FF" otype="Table" vid="1179DFF3-6348-C4F2-18A6-6BADBC48B297">
<hideElementsInCurrentOnly>false</hideElementsInCurrentOnly>
<bounds x="160" y="623" width="156" height="144"/>
</OView>
<OView class="oracle.dbtools.crest.swingui.relational.TVTable" oid="2F2FBA38-6EBC-BFBA-2B8B-8023CCC1D671" otype="Table" vid="DF1B9ABC-3445-AE6F-65EC-30BAC1062E93">
<hideElementsInCurrentOnly>false</hideElementsInCurrentOnly>
<bounds x="402" y="691" width="133" height="115"/>
</OView>
<OView class="oracle.dbtools.crest.swingui.relational.TVTable" oid="47350B10-90EF-5D5B-A341-9F6556D8C5F4" otype="Table" vid="D0F9A75E-6322-AAD4-2C9E-6F0B6EC9F068">
<hideElementsInCurrentOnly>false</hideElementsInCurrentOnly>
<bounds x="168" y="268" width="106" height="88"/>
</OView>
<OView class="oracle.dbtools.crest.swingui.relational.TVTable" oid="5B4BCE9A-B9D4-897D-CF91-53C9A9D498E4" otype="Table" vid="667BA5E3-812C-6D57-4919-8848FE89447A">
<hideElementsInCurrentOnly>false</hideElementsInCurrentOnly>
<bounds x="802" y="690" width="131" height="108"/>
</OView>
<OView class="oracle.dbtools.crest.swingui.relational.TVTable" oid="5D1DD5CE-006D-B4DF-89DE-ABF0C6E2D8DD" otype="Table" vid="89AD855B-5206-6D1F-A7E2-DD2C7C9E0D87">
<hideElementsInCurrentOnly>false</hideElementsInCurrentOnly>
<bounds x="435" y="258" width="124" height="143"/>
</OView>
<OView class="oracle.dbtools.crest.swingui.relational.TVTable" oid="5F51C028-9097-5FB1-3454-3CFD2DE97AE8" otype="Table" vid="D04E8A18-9EE1-F8B5-0E0A-B5C69D5D8ACB">
<hideElementsInCurrentOnly>false</hideElementsInCurrentOnly>
<bounds x="444" y="507" width="159" height="130"/>
</OView>
<OView class="oracle.dbtools.crest.swingui.relational.TVTable" oid="96D44928-E9B0-F35D-6564-E47FACAEE5A1" otype="Table" vid="7F03ACEA-642E-764C-E073-6223972C0E34">
<hideElementsInCurrentOnly>false</hideElementsInCurrentOnly>
<bounds x="179" y="428" width="109" height="112"/>
</OView>
<OView class="oracle.dbtools.crest.swingui.relational.TVTable" oid="AD5118A3-8F33-FCF5-E537-559B00AC2495" otype="Table" vid="3B07701A-6C25-CF1F-C374-79EECC900F1E">
<hideElementsInCurrentOnly>false</hideElementsInCurrentOnly>
<bounds x="804" y="510" width="130" height="127"/>
</OView>
<OView class="oracle.dbtools.crest.swingui.relational.TVTable" oid="C291B07A-A5C5-4A55-843C-E7582764E5BC" otype="Table" vid="2F8F816F-ED14-3F3C-0492-C5C231DF3B78">
<hideElementsInCurrentOnly>false</hideElementsInCurrentOnly>
<bounds x="547" y="690" width="132" height="114"/>
</OView>
<OView class="oracle.dbtools.crest.swingui.relational.TVTable" oid="DA29565D-BFC5-BEF4-A683-0141D826FC8F" otype="Table" vid="2513E48F-75FC-C503-087E-A2E0E8061CDA">
<hideElementsInCurrentOnly>false</hideElementsInCurrentOnly>
<bounds x="679" y="46" width="122" height="140"/>
</OView>
<OView class="oracle.dbtools.crest.swingui.relational.TVTable" oid="F0C061C6-56A1-A226-C1AD-D3181ECD9F42" otype="Table" vid="B9B3346D-17D2-12D2-CC7A-A033AAAAC01F">
<hideElementsInCurrentOnly>false</hideElementsInCurrentOnly>
<bounds x="666" y="262" width="162" height="144"/>
</OView>
<OView class="oracle.dbtools.crest.swingui.relational.TVTable" oid="FB7CFA16-A2AB-2438-52F6-7A17040E4EED" otype="Table" vid="AC41B78F-08A0-8A73-9010-28F1D5E95265">
<hideElementsInCurrentOnly>false</hideElementsInCurrentOnly>
<bounds x="438" y="96" width="119" height="90"/>
</OView>
</objectViews>
<connectors>
<Connector class="oracle.dbtools.crest.swingui.relational.TVFKRelation" oid="2F9C7FAB-F425-D886-4AAA-668457E58E2F" otype="FKIndexAssociation" vid_source="667BA5E3-812C-6D57-4919-8848FE89447A" vid_target="3B07701A-6C25-CF1F-C374-79EECC900F1E">
<hideElementsInCurrentOnly>false</hideElementsInCurrentOnly>
<backgroundColor>-16777216</backgroundColor>
<lineWidth>1</lineWidth>
<points>
<point x="849" y="690"/>
<point x="853" y="637"/>
</points>
</Connector>
<Connector class="oracle.dbtools.crest.swingui.relational.TVFKRelation" oid="94C2D00D-DF0F-B335-A958-64A57488FB7B" otype="FKIndexAssociation" vid_source="D04E8A18-9EE1-F8B5-0E0A-B5C69D5D8ACB" vid_target="3B07701A-6C25-CF1F-C374-79EECC900F1E">
<hideElementsInCurrentOnly>false</hideElementsInCurrentOnly>
<backgroundColor>-16777216</backgroundColor>
<lineWidth>1</lineWidth>
<points>
<point x="603" y="573"/>
<point x="804" y="575"/>
</points>
</Connector>
<Connector class="oracle.dbtools.crest.swingui.relational.TVFKRelation" oid="9A55769C-AD02-C2DF-F7FC-1A4C2D2B8551" otype="FKIndexAssociation" vid_source="89AD855B-5206-6D1F-A7E2-DD2C7C9E0D87" vid_target="D0F9A75E-6322-AAD4-2C9E-6F0B6EC9F068">
<hideElementsInCurrentOnly>false</hideElementsInCurrentOnly>
<backgroundColor>-16777216</backgroundColor>
<lineWidth>1</lineWidth>
<points>
<point x="435" y="297"/>
<point x="274" y="323"/>
</points>
</Connector>
<Connector class="oracle.dbtools.crest.swingui.relational.TVFKRelation" oid="AF7D2171-63E4-63DA-4850-88054164578A" otype="FKIndexAssociation" vid_source="7F03ACEA-642E-764C-E073-6223972C0E34" vid_target="1179DFF3-6348-C4F2-18A6-6BADBC48B297">
<hideElementsInCurrentOnly>false</hideElementsInCurrentOnly>
<backgroundColor>-16777216</backgroundColor>
<lineWidth>1</lineWidth>
<points>
<point x="233" y="540"/>
<point x="233" y="623"/>
</points>
</Connector>
<Connector class="oracle.dbtools.crest.swingui.relational.TVFKRelation" oid="B9F9D277-87B4-44E1-AA27-D288428BE053" otype="FKIndexAssociation" vid_source="B9B3346D-17D2-12D2-CC7A-A033AAAAC01F" vid_target="2513E48F-75FC-C503-087E-A2E0E8061CDA">
<hideElementsInCurrentOnly>false</hideElementsInCurrentOnly>
<backgroundColor>-16777216</backgroundColor>
<lineWidth>1</lineWidth>
<points>
<point x="740" y="262"/>
<point x="800" y="186"/>
</points>
</Connector>
<Connector class="oracle.dbtools.crest.swingui.relational.TVFKRelation" oid="BA45B9F1-BE7A-2B40-9DC6-110B4228C7C9" otype="FKIndexAssociation" vid_source="667BA5E3-812C-6D57-4919-8848FE89447A" vid_target="2F8F816F-ED14-3F3C-0492-C5C231DF3B78">
<hideElementsInCurrentOnly>false</hideElementsInCurrentOnly>
<backgroundColor>-16777216</backgroundColor>
<lineWidth>1</lineWidth>
<points>
<point x="802" y="729"/>
<point x="679" y="729"/>
</points>
</Connector>
<Connector class="oracle.dbtools.crest.swingui.relational.TVFKRelation" oid="C8B5AA06-82D1-F6F8-CF48-B40025A26B00" otype="FKIndexAssociation" vid_source="7F03ACEA-642E-764C-E073-6223972C0E34" vid_target="D0F9A75E-6322-AAD4-2C9E-6F0B6EC9F068">
<hideElementsInCurrentOnly>false</hideElementsInCurrentOnly>
<backgroundColor>-16777216</backgroundColor>
<lineWidth>1</lineWidth>
<points>
<point x="226" y="428"/>
<point x="226" y="356"/>
</points>
</Connector>
<Connector class="oracle.dbtools.crest.swingui.relational.TVFKRelation" oid="C9CE20C6-BCCF-180E-D716-6242DE3605FC" otype="FKIndexAssociation" vid_source="1179DFF3-6348-C4F2-18A6-6BADBC48B297" vid_target="DF1B9ABC-3445-AE6F-65EC-30BAC1062E93">
<hideElementsInCurrentOnly>false</hideElementsInCurrentOnly>
<backgroundColor>-16777216</backgroundColor>
<lineWidth>1</lineWidth>
<points>
<point x="316" y="724"/>
<point x="402" y="729"/>
</points>
</Connector>
<Connector class="oracle.dbtools.crest.swingui.relational.TVFKRelation" oid="CFC4EA76-D158-4771-B12D-6D8398990D5D" otype="FKIndexAssociation" vid_source="B9B3346D-17D2-12D2-CC7A-A033AAAAC01F" vid_target="89AD855B-5206-6D1F-A7E2-DD2C7C9E0D87">
<hideElementsInCurrentOnly>false</hideElementsInCurrentOnly>
<backgroundColor>-16777216</backgroundColor>
<lineWidth>1</lineWidth>
<points>
<point x="666" y="358"/>
<point x="559" y="346"/>
</points>
</Connector>
<Connector class="oracle.dbtools.crest.swingui.relational.TVFKRelation" oid="E02ECFBA-5D8D-41FC-D796-01D2CBE21D85" otype="FKIndexAssociation" vid_source="89AD855B-5206-6D1F-A7E2-DD2C7C9E0D87" vid_target="D04E8A18-9EE1-F8B5-0E0A-B5C69D5D8ACB">
<hideElementsInCurrentOnly>false</hideElementsInCurrentOnly>
<backgroundColor>-16777216</backgroundColor>
<lineWidth>1</lineWidth>
<points>
<point x="516" y="401"/>
<point x="501" y="507"/>
</points>
</Connector>
<Connector class="oracle.dbtools.crest.swingui.relational.TVFKRelation" oid="EB3CACF1-5D9C-15E8-CC75-32EDE420BDDA" otype="FKIndexAssociation" vid_source="D04E8A18-9EE1-F8B5-0E0A-B5C69D5D8ACB" vid_target="1179DFF3-6348-C4F2-18A6-6BADBC48B297">
<hideElementsInCurrentOnly>false</hideElementsInCurrentOnly>
<backgroundColor>-16777216</backgroundColor>
<lineWidth>1</lineWidth>
<points>
<point x="444" y="630"/>
<point x="316" y="630"/>
</points>
</Connector>
<Connector class="oracle.dbtools.crest.swingui.relational.TVFKRelation" oid="FC86DB37-C6FB-CA19-45B6-40012B6BC676" otype="FKIndexAssociation" vid_source="AC41B78F-08A0-8A73-9010-28F1D5E95265" vid_target="89AD855B-5206-6D1F-A7E2-DD2C7C9E0D87">
<hideElementsInCurrentOnly>false</hideElementsInCurrentOnly>
<backgroundColor>-16777216</backgroundColor>
<lineWidth>1</lineWidth>
<points>
<point x="497" y="186"/>
<point x="512" y="258"/>
</points>
</Connector>
</connectors>
</Diagram>