<?xml version = '1.0' encoding = 'UTF-8'?>
<relationalModel class="oracle.dbtools.crest.model.design.relational.RelationalDesign" name="Relational_1" id="B67171E3-30AF-204C-D830-3263E0E95B72" mainViewID="79342D84-CC46-A727-6CD6-928A0BE34004">
<createdBy>Owner</createdBy>
<createdTime>2018-09-09 04:49:50 UTC</createdTime>
<ownerDesignName>MC_logical_model</ownerDesignName>
<shouldBeOpen>false</shouldBeOpen>
<selectedRDBMSSite>32076570-2523-435C-2E92-BF29817DFF70</selectedRDBMSSite>
</relationalModel>