<?xml version = '1.0' encoding = 'UTF-8'?>
<Relation class="oracle.dbtools.crest.model.design.logical.Relation" name="Guest_Booking" directorySegmentName="seg_0" id="07B8D17A-2104-49FB-4014-72EAFF7AE20E">
<createdBy>Owner</createdBy>
<createdTime>2018-09-09 07:38:54 UTC</createdTime>
<ownerDesignName>MC_logical_model</ownerDesignName>
<engineerTo>
<item key="B67171E3-30AF-204C-D830-3263E0E95B72" value="true"/>
</engineerTo>
<sourcePk>9F274B0C-19ED-7B9B-0929-0275D2D8B436</sourcePk>
<identifying>true</identifying>
<nameOnSource>Makes</nameOnSource>
<nameOnTarget>made by</nameOnTarget>
<optionalSource>false</optionalSource>
<optionalTarget>false</optionalTarget>
<sourceCardinality>1</sourceCardinality>
<sourceEntity>F1ECA954-1B00-8CA0-01CE-7902A80C585C</sourceEntity>
<targetCardinalityString>*</targetCardinalityString>
<targetEntity>AA8D28DC-225E-F75C-5F8E-176DAC189C24</targetEntity>
<transferable>true</transferable>
</Relation>