<?xml version = '1.0' encoding = 'UTF-8'?>
<Relation class="oracle.dbtools.crest.model.design.logical.Relation" name="Town_Resort" directorySegmentName="seg_0" id="0C303A6D-4DFB-6624-E98E-2CE906FA7418">
<createdBy>Owner</createdBy>
<createdTime>2018-09-09 05:53:35 UTC</createdTime>
<ownerDesignName>MC_logical_model</ownerDesignName>
<engineerTo>
<item key="B67171E3-30AF-204C-D830-3263E0E95B72" value="true"/>
</engineerTo>
<targetTransferable>false</targetTransferable>
<targetPk>D497D618-86E9-22A5-C982-2D0BCB1FE572</targetPk>
<identifying>false</identifying>
<nameOnSource>Located in</nameOnSource>
<nameOnTarget>Has</nameOnTarget>
<optionalSource>false</optionalSource>
<optionalTarget>true</optionalTarget>
<sourceCardinality>*</sourceCardinality>
<sourceEntity>2B104D34-2550-C78C-A4A4-CA84839892C5</sourceEntity>
<targetCardinalityString>1</targetCardinalityString>
<targetEntity>B187CD91-3EEA-850E-D568-0C01F73189D5</targetEntity>
<transferable>true</transferable>
</Relation>