<?xml version = '1.0' encoding = 'UTF-8'?>
<Relation class="oracle.dbtools.crest.model.design.logical.Relation" name="Contractor_ Contract" directorySegmentName="seg_0" id="12FFA62E-2DAB-1BD1-BA64-A45318BC0045">
<createdBy>Owner</createdBy>
<createdTime>2018-09-10 16:23:36 UTC</createdTime>
<ownerDesignName>MC_logical_model</ownerDesignName>
<engineerTo>
<item key="B67171E3-30AF-204C-D830-3263E0E95B72" value="true"/>
</engineerTo>
<sourcePk>14A21F0D-F17F-A4EB-8C8D-F33D760C6E33</sourcePk>
<identifying>true</identifying>
<nameOnSource>Have</nameOnSource>
<optionalSource>false</optionalSource>
<optionalTarget>false</optionalTarget>
<sourceCardinality>1</sourceCardinality>
<sourceEntity>F1B76FE8-A395-613D-046D-4B7FE7CD4F46</sourceEntity>
<targetCardinalityString>*</targetCardinalityString>
<targetEntity>544B78F9-4CF5-28C2-E82A-D34D367D5A83</targetEntity>
<transferable>true</transferable>
<deleteRule>SET NULL</deleteRule>
</Relation>