<?xml version = '1.0' encoding = 'UTF-8'?>
<Relation class="oracle.dbtools.crest.model.design.logical.Relation" name="Cabin_Booking" directorySegmentName="seg_0" id="2E6DCF90-08FD-DDF0-EB7E-A1AB0EBF1239">
<createdBy>Owner</createdBy>
<createdTime>2018-09-09 07:36:58 UTC</createdTime>
<ownerDesignName>MC_logical_model</ownerDesignName>
<engineerTo>
<item key="B67171E3-30AF-204C-D830-3263E0E95B72" value="true"/>
</engineerTo>
<sourcePk>4EA79088-D193-3A7F-13A4-C4C423271199</sourcePk>
<identifying>true</identifying>
<nameOnSource>Belong to</nameOnSource>
<optionalSource>true</optionalSource>
<optionalTarget>false</optionalTarget>
<sourceCardinality>1</sourceCardinality>
<sourceEntity>96C33F54-2625-216D-A688-4AC7E0D0948E</sourceEntity>
<targetCardinalityString>*</targetCardinalityString>
<targetEntity>AA8D28DC-225E-F75C-5F8E-176DAC189C24</targetEntity>
<transferable>true</transferable>
</Relation>