<?xml version = '1.0' encoding = 'UTF-8'?>
<Relation class="oracle.dbtools.crest.model.design.logical.Relation" name="Manager_Resort" directorySegmentName="seg_0" id="4A9F4369-5C3B-ADE7-B9B7-276DB97A92FF">
<createdBy>Owner</createdBy>
<createdTime>2018-09-09 06:53:12 UTC</createdTime>
<ownerDesignName>MC_logical_model</ownerDesignName>
<engineerTo>
<item key="B67171E3-30AF-204C-D830-3263E0E95B72" value="true"/>
</engineerTo>
<sourceTransferable>false</sourceTransferable>
<targetTransferable>false</targetTransferable>
<targetPk>E85ADA00-48C7-840F-8E3C-D1E91AC014DD</targetPk>
<identifying>false</identifying>
<nameOnSource>Managed by</nameOnSource>
<nameOnTarget>Manages</nameOnTarget>
<optionalSource>false</optionalSource>
<optionalTarget>false</optionalTarget>
<sourceCardinality>*</sourceCardinality>
<sourceEntity>2B104D34-2550-C78C-A4A4-CA84839892C5</sourceEntity>
<targetCardinalityString>1</targetCardinalityString>
<targetEntity>DD4A3DD3-2A79-2286-3846-E2570EA6D3AB</targetEntity>
<transferable>true</transferable>
</Relation>