<?xml version = '1.0' encoding = 'UTF-8'?>
<Relation class="oracle.dbtools.crest.model.design.logical.Relation" name="Contractor_runningsheet" directorySegmentName="seg_0" id="76D57B52-529F-4812-9DB1-B93808ED3B0A">
<createdBy>Owner</createdBy>
<createdTime>2018-09-10 16:10:37 UTC</createdTime>
<ownerDesignName>MC_logical_model</ownerDesignName>
<engineerTo>
<item key="B67171E3-30AF-204C-D830-3263E0E95B72" value="true"/>
</engineerTo>
<sourcePk>14A21F0D-F17F-A4EB-8C8D-F33D760C6E33</sourcePk>
<targetPk>8429BDFF-928E-14F7-E936-0A0167109327</targetPk>
<identifying>true</identifying>
<nameOnTarget>fills</nameOnTarget>
<optionalSource>false</optionalSource>
<optionalTarget>false</optionalTarget>
<sourceCardinality>1</sourceCardinality>
<sourceEntity>F1B76FE8-A395-613D-046D-4B7FE7CD4F46</sourceEntity>
<targetCardinalityString>*</targetCardinalityString>
<targetEntity>CEC1B947-4A52-5ADD-CAF0-8AC0104E82C0</targetEntity>
<transferable>true</transferable>
<deleteRule>NO ACTION</deleteRule>
</Relation>