<?xml version = '1.0' encoding = 'UTF-8'?>
<Relation class="oracle.dbtools.crest.model.design.logical.Relation" name="Town_POI" directorySegmentName="seg_0" id="79A59C4E-24C2-3729-3AB6-6CE0D21BD112">
<createdBy>Owner</createdBy>
<createdTime>2018-09-09 05:18:01 UTC</createdTime>
<ownerDesignName>MC_logical_model</ownerDesignName>
<engineerTo>
<item key="B67171E3-30AF-204C-D830-3263E0E95B72" value="true"/>
</engineerTo>
<sourcePk>D497D618-86E9-22A5-C982-2D0BCB1FE572</sourcePk>
<identifying>true</identifying>
<nameOnSource>Has</nameOnSource>
<optionalSource>true</optionalSource>
<optionalTarget>false</optionalTarget>
<sourceCardinality>1</sourceCardinality>
<sourceEntity>B187CD91-3EEA-850E-D568-0C01F73189D5</sourceEntity>
<targetCardinalityString>*</targetCardinalityString>
<targetEntity>7486F03B-587B-A499-1E00-C9F58147BA38</targetEntity>
<transferable>true</transferable>
</Relation>