<?xml version = '1.0' encoding = 'UTF-8'?>
<Relation class="oracle.dbtools.crest.model.design.logical.Relation" name="Cabin_RunningSheet" directorySegmentName="seg_0" id="A078B3C1-DAB5-469C-A95B-8B7AAB5E26F7">
<createdBy>Owner</createdBy>
<createdTime>2018-09-09 13:37:06 UTC</createdTime>
<ownerDesignName>MC_logical_model</ownerDesignName>
<engineerTo>
<item key="B67171E3-30AF-204C-D830-3263E0E95B72" value="true"/>
</engineerTo>
<sourcePk>4EA79088-D193-3A7F-13A4-C4C423271199</sourcePk>
<identifying>true</identifying>
<nameOnSource>maintain</nameOnSource>
<optionalSource>true</optionalSource>
<optionalTarget>false</optionalTarget>
<sourceCardinality>1</sourceCardinality>
<sourceEntity>96C33F54-2625-216D-A688-4AC7E0D0948E</sourceEntity>
<targetCardinalityString>*</targetCardinalityString>
<targetEntity>CEC1B947-4A52-5ADD-CAF0-8AC0104E82C0</targetEntity>
<transferable>true</transferable>
</Relation>