<?xml version = '1.0' encoding = 'UTF-8'?>
<Relation class="oracle.dbtools.crest.model.design.logical.Relation" name="Resort_Review" directorySegmentName="seg_0" id="C273B04E-9AF4-0B88-DBE0-F65577C150F9">
<createdBy>Owner</createdBy>
<createdTime>2018-09-09 07:14:34 UTC</createdTime>
<ownerDesignName>MC_logical_model</ownerDesignName>
<engineerTo>
<item key="B67171E3-30AF-204C-D830-3263E0E95B72" value="true"/>
</engineerTo>
<sourcePk>4B06A644-4287-8D47-596A-19F50CF08378</sourcePk>
<identifying>true</identifying>
<nameOnTarget>Has</nameOnTarget>
<optionalSource>true</optionalSource>
<optionalTarget>false</optionalTarget>
<sourceCardinality>1</sourceCardinality>
<sourceEntity>2B104D34-2550-C78C-A4A4-CA84839892C5</sourceEntity>
<targetCardinalityString>*</targetCardinalityString>
<targetEntity>6B214F86-107E-A2EF-4C72-577E26AC1A06</targetEntity>
<transferable>true</transferable>
</Relation>