<?xml version = '1.0' encoding = 'UTF-8'?>
<Relation class="oracle.dbtools.crest.model.design.logical.Relation" name="Booking_Rates" directorySegmentName="seg_0" id="DB16BA43-62FC-9EDE-775B-B2318B9BDBBA">
<createdBy>Owner</createdBy>
<createdTime>2018-09-09 12:44:15 UTC</createdTime>
<ownerDesignName>MC_logical_model</ownerDesignName>
<engineerTo>
<item key="B67171E3-30AF-204C-D830-3263E0E95B72" value="true"/>
</engineerTo>
<sourcePk>0A6F9156-81DA-D53E-218A-2A7F6961698A</sourcePk>
<dominantRole>AA8D28DC-225E-F75C-5F8E-176DAC189C24</dominantRole>
<identifying>true</identifying>
<nameOnSource>Determine</nameOnSource>
<optionalSource>false</optionalSource>
<optionalTarget>false</optionalTarget>
<sourceCardinality>1</sourceCardinality>
<sourceEntity>AA8D28DC-225E-F75C-5F8E-176DAC189C24</sourceEntity>
<targetCardinalityString>1</targetCardinalityString>
<targetEntity>CA4653D3-1807-0E71-F3D1-1D21F4B452CA</targetEntity>
<transferable>true</transferable>
</Relation>