<?xml version = '1.0' encoding = 'UTF-8'?>
<Relation class="oracle.dbtools.crest.model.design.logical.Relation" name="Resort_Cabin" directorySegmentName="seg_0" id="E4444B75-301D-23EC-2A1D-6A30A37DE334">
<createdBy>Owner</createdBy>
<createdTime>2018-09-09 07:33:18 UTC</createdTime>
<ownerDesignName>MC_logical_model</ownerDesignName>
<engineerTo>
<item key="B67171E3-30AF-204C-D830-3263E0E95B72" value="true"/>
</engineerTo>
<sourcePk>4B06A644-4287-8D47-596A-19F50CF08378</sourcePk>
<identifying>true</identifying>
<nameOnSource>Contains</nameOnSource>
<optionalSource>false</optionalSource>
<optionalTarget>false</optionalTarget>
<sourceCardinality>1</sourceCardinality>
<sourceEntity>2B104D34-2550-C78C-A4A4-CA84839892C5</sourceEntity>
<targetCardinalityString>*</targetCardinalityString>
<targetEntity>96C33F54-2625-216D-A688-4AC7E0D0948E</targetEntity>
<transferable>true</transferable>
</Relation>