<?xml version = '1.0' encoding = 'UTF-8'?>
<Relation class="oracle.dbtools.crest.model.design.logical.Relation" name="Guest_Review" directorySegmentName="seg_0" id="FE19F55C-D334-540B-F7E6-C40E4D9B30D8">
<createdBy>Owner</createdBy>
<createdTime>2018-09-09 07:13:59 UTC</createdTime>
<ownerDesignName>MC_logical_model</ownerDesignName>
<engineerTo>
<item key="B67171E3-30AF-204C-D830-3263E0E95B72" value="true"/>
</engineerTo>
<sourcePk>9F274B0C-19ED-7B9B-0929-0275D2D8B436</sourcePk>
<identifying>true</identifying>
<nameOnSource>give</nameOnSource>
<optionalSource>true</optionalSource>
<optionalTarget>false</optionalTarget>
<sourceCardinality>1</sourceCardinality>
<sourceEntity>F1ECA954-1B00-8CA0-01CE-7902A80C585C</sourceEntity>
<targetCardinalityString>*</targetCardinalityString>
<targetEntity>6B214F86-107E-A2EF-4C72-577E26AC1A06</targetEntity>
<transferable>true</transferable>
</Relation>